{"type":"FeatureCollection","features":[{"type":"Feature","properties":{"slug":"eastwatch-by-the-sea","name":"Eastwatch-by-the-Sea","aliases":["Eastwatch"],"type":"Castle","rank":3,"region":"Beyond the Wall","allegiance":"The Night's Watch","description":"The easternmost castle of the Night's Watch, where the Wall meets the sea. Jon Snow's expedition to capture a wight set out from Eastwatch, and in the season 7 finale the Night King destroyed its section of the Wall with the undead Viserion, letting the army of the dead into Westeros.","firstAppearance":65,"showCanon":"shown","enriched":1},"geometry":{"type":"Point","coordinates":[20.71819,34.79226]}},{"type":"Feature","properties":{"slug":"whitetree","name":"Whitetree","aliases":[],"type":"Other","rank":1,"region":"Beyond the Wall","allegiance":null,"description":"An abandoned Free Folk village built around an enormous weirwood tree, north of the Wall. It is book background that never appears in the TV series, whose Great Ranging stops instead at Craster's Keep.","firstAppearance":null,"showCanon":"mentioned","enriched":1},"geometry":{"type":"Point","coordinates":[18.16714,35.409]}},{"type":"Feature","properties":{"slug":"crasters-keep","name":"Craster's Keep","aliases":[],"type":"Other","rank":3,"region":"Beyond the Wall","allegiance":null,"description":"The fortified homestead of the wildling Craster, who wed his daughters and gave his infant sons to the White Walkers. The Night's Watch sheltered there on the Great Ranging; mutineers later murdered Craster and Lord Commander Mormont, and Jon Snow wiped the mutineers out in season 4.","firstAppearance":11,"showCanon":"shown","enriched":1},"geometry":{"type":"Point","coordinates":[17.62516,36.29673]}},{"type":"Feature","properties":{"slug":"fist-of-the-first-men","name":"Fist of the First Men","aliases":["The Fist"],"type":"Landmark","rank":3,"region":"Beyond the Wall","allegiance":null,"description":"An ancient ringfort atop a hill beyond the Wall, where the Night's Watch camped during the Great Ranging. Sam unearthed a cache of dragonglass there, and the army of the dead overran the camp at the end of season 2, leaving only a handful of survivors.","firstAppearance":15,"showCanon":"shown","enriched":1},"geometry":{"type":"Point","coordinates":[16.24217,37.21249]}},{"type":"Feature","properties":{"slug":"hardhome","name":"Hardhome","aliases":[],"type":"Village","rank":4,"region":"Beyond the Wall","allegiance":"Free Folk","description":"The largest Free Folk settlement, a fishing village on the Bay of Seals. Jon Snow and Tormund sailed there in season 5 to evacuate the wildlings, but the Night King's army massacred the town and he raised the fallen as wights while Jon escaped by sea.","firstAppearance":48,"showCanon":"shown","enriched":1},"geometry":{"type":"Point","coordinates":[21.6,36.8]}},{"type":"Feature","properties":{"slug":"kings-landing","name":"King's Landing","aliases":["Red Keep","Great Sept of Baelor","Dragonpit","Flea Bottom","Capital of the Seven Kingdoms"],"type":"City","rank":6,"region":"The Crownlands","allegiance":"The Iron Throne","description":"Capital of the Seven Kingdoms and seat of the Iron Throne, sprawling above Blackwater Bay. Home to the Red Keep, the Great Sept of Baelor and Flea Bottom — and the stage for the game of thrones itself.","firstAppearance":1,"showCanon":"shown","enriched":1},"geometry":{"type":"Point","coordinates":[19.07823,3.95361]}},{"type":"Feature","properties":{"slug":"hayford-castle","name":"Hayford Castle","aliases":[],"type":"Castle","rank":3,"region":"The Crownlands","allegiance":"House Hayford","description":"Castle seat of House Hayford, a short ride northwest of King's Landing. One of the crownland houses sworn directly to the Iron Throne, it is book background and never appears in the show.","firstAppearance":null,"showCanon":"mentioned","enriched":1},"geometry":{"type":"Point","coordinates":[18.80257,4.488]}},{"type":"Feature","properties":{"slug":"rosby","name":"Rosby","aliases":[],"type":"Castle","rank":3,"region":"The Crownlands","allegiance":"House Rosby","description":"Castle and village of House Rosby on the coastal road between King's Landing and Duskendale. It is book background rather than a show location, though travelers leaving the capital northward would pass through it.","firstAppearance":null,"showCanon":"mentioned","enriched":1},"geometry":{"type":"Point","coordinates":[19.98698,4.62115]}},{"type":"Feature","properties":{"slug":"old-stone-bridge-inn","name":"Old Stone Bridge Inn","aliases":[],"type":"Other","rank":1,"region":"The Crownlands","allegiance":null,"description":"A wayside inn on the road between Rosby and Duskendale, named for the ancient stone bridge beside it. Known from Brienne's search for Sansa in the books; it never appears in the show.","firstAppearance":null,"showCanon":"mentioned","enriched":1},"geometry":{"type":"Point","coordinates":[20.39814,5.04166]}},{"type":"Feature","properties":{"slug":"duskendale","name":"Duskendale","aliases":[],"type":"Town","rank":4,"region":"The Crownlands","allegiance":"House Rykker","description":"Port town on Blackwater Bay north of King's Landing, held by House Rykker. Famous in Targaryen history as the site of the Defiance of Duskendale against the Mad King, but the town itself is never visited in the show.","firstAppearance":null,"showCanon":"mentioned","enriched":1},"geometry":{"type":"Point","coordinates":[20.9191,5.83828]}},{"type":"Feature","properties":{"slug":"stokeworth","name":"Stokeworth","aliases":["Castle Stokeworth"],"type":"Castle","rank":3,"region":"The Crownlands","allegiance":"House Stokeworth","description":"Castle seat of House Stokeworth just north of King's Landing. In Season 5, Bronn strolls its grounds with his betrothed Lollys Stokeworth, dreaming of a lordship — until Jaime Lannister arrives to recruit him for a mission to Dorne.","firstAppearance":42,"showCanon":"shown","enriched":1},"geometry":{"type":"Point","coordinates":[19.59218,5.07203]}},{"type":"Feature","properties":{"slug":"rooks-rest","name":"Rook's Rest","aliases":[],"type":"Castle","rank":3,"region":"The Crownlands","allegiance":"House Staunton","description":"Castle of House Staunton on the shore of Blackwater Bay, between Duskendale and Crackclaw Point. It never appears in the show and remains book background.","firstAppearance":null,"showCanon":"mentioned","enriched":1},"geometry":{"type":"Point","coordinates":[22.06848,7.26799]}},{"type":"Feature","properties":{"slug":"whispers","name":"The Whispers","aliases":[],"type":"Ruin","rank":2,"region":"The Crownlands","allegiance":null,"description":"Ruined castle of the extinct House Crabb on Crackclaw Point, where the severed heads collected by legendary Ser Clarence Crabb were said to whisper to one another. Book background only; it is never seen in the show.","firstAppearance":null,"showCanon":"mentioned","enriched":1},"geometry":{"type":"Point","coordinates":[24.58215,8.48278]}},{"type":"Feature","properties":{"slug":"dragonstone","name":"Dragonstone","aliases":["Dragonmont"],"type":"Castle","rank":5,"region":"The Crownlands","allegiance":"House Targaryen","description":"Ancient island fortress of the Targaryens, carved with dragon shapes above a volcanic shore. Seat of Stannis Baratheon early in the war, later Daenerys' first foothold in Westeros — and it sits atop a mountain of dragonglass.","firstAppearance":11,"showCanon":"shown","enriched":1},"geometry":{"type":"Point","coordinates":[24.34854,7.05307]}},{"type":"Feature","properties":{"slug":"sharp-point","name":"Sharp Point","aliases":[],"type":"Castle","rank":3,"region":"The Crownlands","allegiance":"House Bar Emmon","description":"Castle of House Bar Emmon at the tip of Massey's Hook, watching the mouth of Blackwater Bay across from Dragonstone. Book background; it does not appear in the show.","firstAppearance":null,"showCanon":"mentioned","enriched":1},"geometry":{"type":"Point","coordinates":[23.80656,5.74483]}},{"type":"Feature","properties":{"slug":"stonedance","name":"Stonedance","aliases":[],"type":"Castle","rank":3,"region":"The Crownlands","allegiance":"House Massey","description":"Seat of House Massey on Massey's Hook, the peninsula guarding the southern approach to Blackwater Bay. Book background; the castle is never shown or discussed in the series.","firstAppearance":null,"showCanon":"mentioned","enriched":1},"geometry":{"type":"Point","coordinates":[24.20837,4.95055]}},{"type":"Feature","properties":{"slug":"sunspear","name":"Sunspear","aliases":["Old Palace"],"type":"Castle","rank":4,"region":"Dorne","allegiance":"House Martell","description":"Seat of House Martell at the desert's edge by the sea. Doran Martell ruled from here until Ellaria Sand murdered him in his own gardens and seized Dorne for her vengeance.","firstAppearance":42,"showCanon":"shown","enriched":1},"geometry":{"type":"Point","coordinates":[24.59149,-8.92606]}},{"type":"Feature","properties":{"slug":"water-gardens","name":"Water Gardens","aliases":[],"type":"Landmark","rank":3,"region":"Dorne","allegiance":"House Martell","description":"The Martells' pleasure palace of pools and blood-orange trees on the coast near Sunspear. Myrcella lived here as Trystane's betrothed; Jaime and Bronn's rescue turned into a brawl with the Sand Snakes in its courtyards.","firstAppearance":42,"showCanon":"shown","enriched":1},"geometry":{"type":"Point","coordinates":[24.72232,-8.72048]}},{"type":"Feature","properties":{"slug":"tower-of-joy","name":"Tower of Joy","aliases":[],"type":"Landmark","rank":4,"region":"Dorne","allegiance":null,"description":"Lonely round tower in the Red Mountains where Bran's visions showed young Ned Stark defeat Ser Arthur Dayne — and find Lyanna in a bed of blood. Jon Snow was born here, and the realm's greatest secret with him.","firstAppearance":53,"showCanon":"shown","enriched":1},"geometry":{"type":"Point","coordinates":[14.36859,-5.13218]}},{"type":"Feature","properties":{"slug":"starfall","name":"Starfall","aliases":[],"type":"Castle","rank":2,"region":"Dorne","allegiance":"House Dayne","description":"Seat of House Dayne on the Summer Sea, home of the fallen Sword of the Morning, Ser Arthur Dayne. Its name shadows every telling of the Tower of Joy.","firstAppearance":null,"showCanon":"mentioned","enriched":1},"geometry":{"type":"Point","coordinates":[11.44376,-8.16915]}},{"type":"Feature","properties":{"slug":"yronwood","name":"Yronwood","aliases":[],"type":"Castle","rank":3,"region":"Dorne","allegiance":"House Yronwood","description":"Seat of the proudest Dornish house after the Martells, guarding the Boneway pass. Book background only.","firstAppearance":null,"showCanon":"mentioned","enriched":1},"geometry":{"type":"Point","coordinates":[16.87292,-6.92633]}},{"type":"Feature","properties":{"slug":"wyl","name":"Wyl","aliases":[],"type":"Castle","rank":3,"region":"Dorne","allegiance":"House Wyl","description":"Castle of House Wyl on the Boneway into the Dornish Marches. Book background only.","firstAppearance":null,"showCanon":"mentioned","enriched":1},"geometry":{"type":"Point","coordinates":[17.77934,-4.29118]}},{"type":"Feature","properties":{"slug":"ghaston-grey","name":"Ghaston Grey","aliases":[],"type":"Castle","rank":3,"region":"Dorne","allegiance":null,"description":"Crumbling island prison of Dorne, where the Martells send men they do not wish to kill. Book background only.","firstAppearance":null,"showCanon":"mentioned","enriched":1},"geometry":{"type":"Point","coordinates":[19.32119,-6.16943]}},{"type":"Feature","properties":{"slug":"vultures-roost","name":"Vulture's Roost","aliases":[],"type":"Castle","rank":3,"region":"Dorne","allegiance":null,"description":"Ruined mountain keep once held by outlaw kings of the Red Mountains. Book background only.","firstAppearance":null,"showCanon":"mentioned","enriched":1},"geometry":{"type":"Point","coordinates":[14.85451,-4.80513]}},{"type":"Feature","properties":{"slug":"uplands","name":"Uplands","aliases":[],"type":"Castle","rank":3,"region":"Dorne","allegiance":"House Uller","description":"Seat of House Uller — Ellaria Sand's family — in the western desert. Book background only.","firstAppearance":null,"showCanon":"mentioned","enriched":1},"geometry":{"type":"Point","coordinates":[9.9206,-6.82354]}},{"type":"Feature","properties":{"slug":"blackmont","name":"Blackmont","aliases":[],"type":"Castle","rank":3,"region":"Dorne","allegiance":"House Blackmont","description":"Castle of House Blackmont on the Torentine in the Red Mountains. Book background only.","firstAppearance":null,"showCanon":"mentioned","enriched":1},"geometry":{"type":"Point","coordinates":[12.1446,-6.62731]}},{"type":"Feature","properties":{"slug":"high-hermitage","name":"High Hermitage","aliases":[],"type":"Castle","rank":3,"region":"Dorne","allegiance":"House Dayne of High Hermitage","description":"Mountain seat of the cadet branch of House Dayne. Book background only.","firstAppearance":null,"showCanon":"mentioned","enriched":1},"geometry":{"type":"Point","coordinates":[12.20067,-7.34684]}},{"type":"Feature","properties":{"slug":"sandstone","name":"Sandstone","aliases":[],"type":"Castle","rank":3,"region":"Dorne","allegiance":"House Qorgyle","description":"Desert castle of House Qorgyle, deep in the sands of western Dorne. Book background only.","firstAppearance":null,"showCanon":"mentioned","enriched":1},"geometry":{"type":"Point","coordinates":[13.66775,-9.43066]}},{"type":"Feature","properties":{"slug":"skyreach","name":"Skyreach","aliases":[],"type":"Castle","rank":3,"region":"Dorne","allegiance":"House Fowler","description":"Eyrie-like seat of House Fowler above the Prince's Pass. Book background only.","firstAppearance":null,"showCanon":"mentioned","enriched":1},"geometry":{"type":"Point","coordinates":[14.16301,-7.29077]}},{"type":"Feature","properties":{"slug":"kingsgrave","name":"Kingsgrave","aliases":[],"type":"Castle","rank":3,"region":"Dorne","allegiance":"House Manwoody","description":"Castle of House Manwoody in the Red Mountains, named for a king slain at its gates. Book background only.","firstAppearance":null,"showCanon":"mentioned","enriched":1},"geometry":{"type":"Point","coordinates":[14.33122,-6.02926]}},{"type":"Feature","properties":{"slug":"hellholt","name":"Hellholt","aliases":[],"type":"Castle","rank":3,"region":"Dorne","allegiance":"House Uller","description":"Grim desert stronghold where a dragon once died — Meraxes, felled by a scorpion bolt through the eye. Book background with a legacy the show's scorpions echo.","firstAppearance":null,"showCanon":"mentioned","enriched":1},"geometry":{"type":"Point","coordinates":[16.20012,-9.14098]}},{"type":"Feature","properties":{"slug":"vaith","name":"Vaith","aliases":[],"type":"Castle","rank":3,"region":"Dorne","allegiance":"House Vaith","description":"Castle on the river Vaith amid the deep sands. Book background only.","firstAppearance":null,"showCanon":"mentioned","enriched":1},"geometry":{"type":"Point","coordinates":[20.39581,-9.30918]}},{"type":"Feature","properties":{"slug":"salt-shore","name":"Salt Shore","aliases":[],"type":"Castle","rank":3,"region":"Dorne","allegiance":"House Gargalen","description":"Seat of House Gargalen on the Summer Sea coast. Book background only.","firstAppearance":null,"showCanon":"mentioned","enriched":1},"geometry":{"type":"Point","coordinates":[21.35829,-10.11281]}},{"type":"Feature","properties":{"slug":"godsgrace","name":"Godsgrace","aliases":[],"type":"Castle","rank":3,"region":"Dorne","allegiance":"House Allyrion","description":"Castle of House Allyrion at the joining of the Greenblood's branches. Book background only.","firstAppearance":null,"showCanon":"mentioned","enriched":1},"geometry":{"type":"Point","coordinates":[21.47043,-8.54293]}},{"type":"Feature","properties":{"slug":"tor","name":"The Tor","aliases":[],"type":"Castle","rank":3,"region":"Dorne","allegiance":"House Jordayne","description":"Seat of House Jordayne on the eastern Dornish coast. Book background only.","firstAppearance":null,"showCanon":"mentioned","enriched":1},"geometry":{"type":"Point","coordinates":[20.63876,-7.29077]}},{"type":"Feature","properties":{"slug":"ghost-hill","name":"Ghost Hill","aliases":[],"type":"Castle","rank":3,"region":"Dorne","allegiance":"House Toland","description":"White chalk-hill castle of House Toland overlooking the Sea of Dorne. Book background only.","firstAppearance":null,"showCanon":"mentioned","enriched":1},"geometry":{"type":"Point","coordinates":[23.83459,-7.44962]}},{"type":"Feature","properties":{"slug":"lemonwood","name":"Lemonwood","aliases":[],"type":"Castle","rank":3,"region":"Dorne","allegiance":"House Dalt","description":"Lemon-orchard seat of House Dalt near the mouth of the Greenblood. Book background only.","firstAppearance":null,"showCanon":"mentioned","enriched":1},"geometry":{"type":"Point","coordinates":[23.9841,-9.58952]}},{"type":"Feature","properties":{"slug":"planky-town","name":"Planky Town","aliases":[],"type":"Town","rank":4,"region":"Dorne","allegiance":null,"description":"Floating trade town of rafts and poleboats at the Greenblood's mouth, where the orphans of the river trade. Book background only.","firstAppearance":null,"showCanon":"mentioned","enriched":1},"geometry":{"type":"Point","coordinates":[24.04951,-9.1036]}},{"type":"Feature","properties":{"slug":"shandystone","name":"Shandystone","aliases":[],"type":"Other","rank":1,"region":"Dorne","allegiance":null,"description":"Abandoned holdfast in the dry hills east of the Greenblood. Book background only.","firstAppearance":null,"showCanon":"mentioned","enriched":1},"geometry":{"type":"Point","coordinates":[22.6198,-8.52424]}},{"type":"Feature","properties":{"slug":"tall-trees-town","name":"Tall Trees Town","aliases":[],"type":"Town","rank":4,"region":"Dorne","allegiance":null,"description":"Settlement of the Green Blood orphans upriver. Book background only.","firstAppearance":null,"showCanon":"mentioned","enriched":1},"geometry":{"type":"Point","coordinates":[12.63986,-24.96592]}},{"type":"Feature","properties":{"slug":"meereen","name":"Meereen","aliases":["Great Pyramid","Daznak's Pit","Bay of Dragons"],"type":"City","rank":5,"region":"Essos — Slaver's Bay","allegiance":"House Targaryen","description":"Greatest of the slave cities, taken by Daenerys in Season 4 and ruled from its Great Pyramid through insurgency, dragon-fire and siege. After the masters' final defeat, Slaver's Bay was renamed the Bay of Dragons.","firstAppearance":33,"showCanon":"shown","enriched":1},"geometry":{"type":"Point","coordinates":[67.13007,-9.61054]}},{"type":"Feature","properties":{"slug":"astapor","name":"Astapor","aliases":["The Red City"],"type":"City","rank":4,"region":"Essos — Slaver's Bay","allegiance":"Free city (formerly the Good Masters)","description":"The Red City of the Good Masters, where the Unsullied were made. Daenerys bought her army here — and paid with a single word: dracarys.","firstAppearance":21,"showCanon":"shown","enriched":1},"geometry":{"type":"Point","coordinates":[64.91542,-15.23594]}},{"type":"Feature","properties":{"slug":"yunkai","name":"Yunkai","aliases":["The Yellow City"],"type":"City","rank":4,"region":"Essos — Slaver's Bay","allegiance":"Free city (formerly the Wise Masters)","description":"The Yellow City of the Wise Masters, freed when Daario, Jorah and Grey Worm took its back gate by night. Its freedmen hailed Daenerys as Mhysa — mother.","firstAppearance":27,"showCanon":"shown","enriched":1},"geometry":{"type":"Point","coordinates":[65.84987,-11.24583]}},{"type":"Feature","properties":{"slug":"vaes-dothrak","name":"Vaes Dothrak","aliases":["Temple of the Dosh Khaleen"],"type":"City","rank":4,"region":"Essos — Dothraki Sea","allegiance":"The Dothraki","description":"The only city of the Dothraki, beneath the Mother of Mountains — a place where blades may not be drawn. Daenerys ate the stallion's heart here, and years later burned the khals in the temple of the Dosh Khaleen.","firstAppearance":4,"showCanon":"shown","enriched":1},"geometry":{"type":"Point","coordinates":[64.93878,-1.14441]}},{"type":"Feature","properties":{"slug":"qarth","name":"Qarth","aliases":["House of the Undying"],"type":"City","rank":4,"region":"Essos — the Further East","allegiance":"The Thirteen","description":"Opulent trading city at the edge of the known world, called the greatest city that ever was or will be. Daenerys sought ships here and lost her dragons to the warlocks of the House of the Undying.","firstAppearance":14,"showCanon":"shown","enriched":1},"geometry":{"type":"Point","coordinates":[87.984,-34.58818]}},{"type":"Feature","properties":{"slug":"volantis","name":"Volantis","aliases":["The Long Bridge"],"type":"City","rank":4,"region":"Essos — Free Cities","allegiance":"Free City","description":"Oldest and proudest of the Free Cities at the mouths of the Rhoyne. Tyrion crossed its Long Bridge and heard the red priestess Kinvara's kind preach the dragon queen; Jorah kidnapped him from one of its brothels.","firstAppearance":43,"showCanon":"shown","enriched":1},"geometry":{"type":"Point","coordinates":[43.63796,-9.2134]}},{"type":"Feature","properties":{"slug":"valyria","name":"Valyria","aliases":["Old Valyria","The Doom"],"type":"Ruin","rank":3,"region":"Essos — Valyrian Peninsula","allegiance":null,"description":"Shattered heart of the Valyrian Freehold, destroyed in a single day by the Doom four centuries past. Jorah and Tyrion rowed through its drowned ruins among the stone men — where Jorah was touched by grayscale.","firstAppearance":45,"showCanon":"shown","enriched":1},"geometry":{"type":"Point","coordinates":[54.75359,-22.23223]}},{"type":"Feature","properties":{"slug":"naath","name":"Naath","aliases":["Isle of Butterflies"],"type":"Landmark","rank":2,"region":"Essos — Summer Sea","allegiance":null,"description":"Peaceful island of the butterfly people off Sothoryos — Missandei's homeland, taken from her by slavers as a child. Grey Worm sailed for it after her death, to protect her people as she could not be protected.","firstAppearance":null,"showCanon":"mentioned","enriched":1},"geometry":{"type":"Point","coordinates":[45.74713,-37.71617]}},{"type":"Feature","properties":{"slug":"lhazarene-village","name":"Lhazarene Village","aliases":[],"type":"Village","rank":2,"region":"Essos — Lhazar","allegiance":null,"description":"Village of the peaceful lamb men, sacked by Drogo's khalasar in Season 1. Daenerys claimed its godswife Mirri Maz Duur — a mercy repaid with blood magic.","firstAppearance":8,"showCanon":"shown","enriched":1},"geometry":{"type":"Point","coordinates":[73.03581,-7.13892]}},{"type":"Feature","properties":{"slug":"qohor","name":"Qohor","aliases":[],"type":"City","rank":5,"region":"Essos — Free Cities","allegiance":"Free City","description":"Free City in the great forest, famed for smiths who can rework Valyrian steel. The reforging of Ice into Oathkeeper and Widow's Wail is their craft's echo in the show.","firstAppearance":null,"showCanon":"mentioned","enriched":1},"geometry":{"type":"Point","coordinates":[44.95553,4.74731]}},{"type":"Feature","properties":{"slug":"new-ghis","name":"New Ghis","aliases":[],"type":"City","rank":5,"region":"Essos — Slaver's Bay","allegiance":null,"description":"Island city of the resurgent Ghiscari, kin to the masters of Slaver's Bay. Book background only.","firstAppearance":null,"showCanon":"mentioned","enriched":1},"geometry":{"type":"Point","coordinates":[66.77031,-23.57125]}},{"type":"Feature","properties":{"slug":"old-ghis","name":"Old Ghis","aliases":[],"type":"Ruin","rank":2,"region":"Essos — Slaver's Bay","allegiance":null,"description":"Ruin of the ancient Ghiscari Empire, brought down by Valyrian dragons five thousand years before the show. The harpy of Ghis still crowns the slaver cities.","firstAppearance":null,"showCanon":"mentioned","enriched":1},"geometry":{"type":"Point","coordinates":[65.80782,-19.70262]}},{"type":"Feature","properties":{"slug":"mantarys","name":"Mantarys","aliases":[],"type":"City","rank":5,"region":"Essos — Valyrian Peninsula","allegiance":null,"description":"City on the demon road skirting the Valyrian ruin, whose people are said to be born twisted. Book background only.","firstAppearance":null,"showCanon":"mentioned","enriched":1},"geometry":{"type":"Point","coordinates":[56.53339,-11.64765]}},{"type":"Feature","properties":{"slug":"elyria","name":"Elyria","aliases":[],"type":"City","rank":5,"region":"Essos — Valyrian Peninsula","allegiance":null,"description":"Island city on the Gulf of Grief, survivor of the Doom. Book background only.","firstAppearance":null,"showCanon":"mentioned","enriched":1},"geometry":{"type":"Point","coordinates":[57.72949,-13.76885]}},{"type":"Feature","properties":{"slug":"tolos","name":"Tolos","aliases":[],"type":"City","rank":5,"region":"Essos — Slaver's Bay","allegiance":null,"description":"City of slingers on the Gulf of Grief. Book background only.","firstAppearance":null,"showCanon":"mentioned","enriched":1},"geometry":{"type":"Point","coordinates":[59.13117,-13.21753]}},{"type":"Feature","properties":{"slug":"ar-noy","name":"Ar Noy","aliases":[],"type":"Ruin","rank":2,"region":"Essos — Free Cities","allegiance":null,"description":"Rhoynar ruin on the upper Qhoyne, long claimed by Qohor. Book background only.","firstAppearance":null,"showCanon":"mentioned","enriched":1},"geometry":{"type":"Point","coordinates":[42.02135,2.57938]}},{"type":"Feature","properties":{"slug":"sar-mell","name":"Sar Mell","aliases":[],"type":"Ruin","rank":2,"region":"Essos — Valyrian Peninsula","allegiance":null,"description":"Rhoynar ruin on the river across from Volon Therys. Book background only.","firstAppearance":null,"showCanon":"mentioned","enriched":1},"geometry":{"type":"Point","coordinates":[42.37645,-8.16682]}},{"type":"Feature","properties":{"slug":"oros","name":"Oros","aliases":[],"type":"Ruin","rank":2,"region":"Essos — Valyrian Peninsula","allegiance":null,"description":"Dead city of the Valyrian peninsula, lost in the Doom. Book background only.","firstAppearance":null,"showCanon":"mentioned","enriched":1},"geometry":{"type":"Point","coordinates":[55.86993,-18.53456]}},{"type":"Feature","properties":{"slug":"ghozai","name":"Ghozai","aliases":[],"type":"Ruin","rank":2,"region":"Essos — Slaver's Bay","allegiance":null,"description":"Ghiscari ruin on the Isle of Cedars, drowned by the Doom's tidal waves. Book background only.","firstAppearance":null,"showCanon":"mentioned","enriched":1},"geometry":{"type":"Point","coordinates":[60.6917,-15.27332]}},{"type":"Feature","properties":{"slug":"velos","name":"Velos","aliases":[],"type":"Ruin","rank":2,"region":"Essos — Slaver's Bay","allegiance":null,"description":"Ruined port on the Isle of Cedars, swallowed by the waves of the Doom. Book background only.","firstAppearance":null,"showCanon":"mentioned","enriched":1},"geometry":{"type":"Point","coordinates":[61.04679,-17.13288]}},{"type":"Feature","properties":{"slug":"zamettar","name":"Zamettar","aliases":[],"type":"Ruin","rank":2,"region":"Essos — Sothoryos","allegiance":null,"description":"Abandoned Ghiscari colony on Sothoryos's northern coast. Book background only.","firstAppearance":null,"showCanon":"mentioned","enriched":1},"geometry":{"type":"Point","coordinates":[64.63976,-31.20572]}},{"type":"Feature","properties":{"slug":"yeen","name":"Yeen","aliases":[],"type":"Ruin","rank":2,"region":"Essos — Sothoryos","allegiance":null,"description":"Cyclopean ruin of oily black stone deep in Sothoryos, older than memory and shunned by all. Book background only.","firstAppearance":null,"showCanon":"mentioned","enriched":1},"geometry":{"type":"Point","coordinates":[65.69102,-33.97637]}},{"type":"Feature","properties":{"slug":"gogossos","name":"Gogossos","aliases":[],"type":"Ruin","rank":2,"region":"Essos — Sothoryos","allegiance":null,"description":"Infamous ruin of the Basilisk Isles, once a Valyrian penal colony and slaver den. Book background only.","firstAppearance":null,"showCanon":"mentioned","enriched":1},"geometry":{"type":"Point","coordinates":[61.39254,-33.60259]}},{"type":"Feature","properties":{"slug":"bhorash","name":"Bhorash","aliases":[],"type":"Ruin","rank":2,"region":"Essos — Valyrian Peninsula","allegiance":null,"description":"Dead Valyrian city on the demon road between Mantarys and Tolos. Book background only.","firstAppearance":null,"showCanon":"mentioned","enriched":1},"geometry":{"type":"Point","coordinates":[62.19384,-10.13015]}},{"type":"Feature","properties":{"slug":"tyria","name":"Tyria","aliases":[],"type":"Ruin","rank":2,"region":"Essos — Valyrian Peninsula","allegiance":null,"description":"Lost city of the Valyrian heartland, destroyed in the Doom. Book background only.","firstAppearance":null,"showCanon":"mentioned","enriched":1},"geometry":{"type":"Point","coordinates":[55.38386,-19.9672]}},{"type":"Feature","properties":{"slug":"lys","name":"Lys","aliases":[],"type":"City","rank":5,"region":"Essos — Free Cities","allegiance":"Free City","description":"Island Free City famed for its pleasure houses, poisons and pale beauty. The strangler that killed Joffrey traces through Lysene trade; Doreah and Varys' origins touch it. Never visited on screen.","firstAppearance":null,"showCanon":"mentioned","enriched":1},"geometry":{"type":"Point","coordinates":[31.69333,-8.99614]}},{"type":"Feature","properties":{"slug":"tyrosh","name":"Tyrosh","aliases":[],"type":"City","rank":5,"region":"Essos — Free Cities","allegiance":"Free City","description":"Free City of dyers and sellswords across the sea from the Stepstones. Daario Naharis was a Tyroshi slave before the Second Sons. Mentioned often; never shown.","firstAppearance":null,"showCanon":"mentioned","enriched":1},"geometry":{"type":"Point","coordinates":[28.51152,-3.56231]}},{"type":"Feature","properties":{"slug":"myr","name":"Myr","aliases":[],"type":"City","rank":5,"region":"Essos — Free Cities","allegiance":"Free City","description":"Free City renowned for lenses, lace and crossbows. Thoros of Myr carried its name across Westeros, and Varys was cut by a sorcerer in Myr as a boy.","firstAppearance":null,"showCanon":"mentioned","enriched":1},"geometry":{"type":"Point","coordinates":[33.69773,-2.59048]}},{"type":"Feature","properties":{"slug":"pentos","name":"Pentos","aliases":[],"type":"City","rank":4,"region":"Essos — Free Cities","allegiance":"Free City","description":"Wealthy Free City on the Narrow Sea where Daenerys was wed to Khal Drogo in the manse of Illyrio Mopatis. Later Varys and Tyrion's first stop on the road to Meereen.","firstAppearance":1,"showCanon":"shown","enriched":1},"geometry":{"type":"Point","coordinates":[31.12798,4.63284]}},{"type":"Feature","properties":{"slug":"ghoyan-drohe","name":"Ghoyan Drohe","aliases":[],"type":"Ruin","rank":2,"region":"Essos — Free Cities","allegiance":null,"description":"Ruined river town of the old Rhoynar civilization on the Little Rhoyne, northeast of Pentos. Book background from Tyrion's road east; not in the show.","firstAppearance":null,"showCanon":"mentioned","enriched":1},"geometry":{"type":"Point","coordinates":[35.0994,5.59532]}},{"type":"Feature","properties":{"slug":"norvos","name":"Norvos","aliases":[],"type":"City","rank":5,"region":"Essos — Free Cities","allegiance":"Free City","description":"Hill-bound Free City of the bearded priests, ruled by its three great bells. Areo Hotah's homeland in the books; passing mentions in the show.","firstAppearance":null,"showCanon":"mentioned","enriched":1},"geometry":{"type":"Point","coordinates":[38.31392,8.76311]}},{"type":"Feature","properties":{"slug":"braavos","name":"Braavos","aliases":["Titan of Braavos","House of Black and White","Iron Bank"],"type":"City","rank":5,"region":"Essos — Free Cities","allegiance":"Free City","description":"Greatest and most secretive of the Free Cities, hidden in a lagoon behind the towering Titan. Home of the Iron Bank and the House of Black and White, where Arya trained with the Faceless Men.","firstAppearance":36,"showCanon":"shown","enriched":1},"geometry":{"type":"Point","coordinates":[30.97614,16.24106]}},{"type":"Feature","properties":{"slug":"lorath","name":"Lorath","aliases":[],"type":"City","rank":3,"region":"Essos — Free Cities","allegiance":"Free City","description":"Smallest and poorest of the Free Cities, on islands in the Shivering Sea. Jaqen H'ghar claimed to be 'a man from Lorath.' Never shown.","firstAppearance":null,"showCanon":"mentioned","enriched":1},"geometry":{"type":"Point","coordinates":[36.22775,14.78332]}},{"type":"Feature","properties":{"slug":"ny-sar","name":"Ny Sar","aliases":[],"type":"Ruin","rank":2,"region":"Essos — Valyrian Peninsula","allegiance":null,"description":"Drowned ruin of a Rhoynar city at the joining of the Rhoyne and the Noyne. Book background; part of the dead river civilization the show never visits.","firstAppearance":null,"showCanon":"mentioned","enriched":1},"geometry":{"type":"Point","coordinates":[38.7134,3.30825]}},{"type":"Feature","properties":{"slug":"sorrows-chroyane","name":"The Sorrows (Chroyane)","aliases":[],"type":"Ruin","rank":2,"region":"Essos — Valyrian Peninsula","allegiance":null,"description":"The festival city of old Rhoyne, now a fog-bound ruin of greyscale-stricken stone men. The show relocates its stone men to the ruins of Valyria, where Jorah was infected.","firstAppearance":null,"showCanon":"mentioned","enriched":1},"geometry":{"type":"Point","coordinates":[40.48885,-1.8873]}},{"type":"Feature","properties":{"slug":"selhorys","name":"Selhorys","aliases":[],"type":"Town","rank":4,"region":"Essos — Free Cities","allegiance":"Volantis","description":"River town on the Rhoyne subject to Volantis. Part of Tyrion's book journey east; the show's road to Meereen skips it.","firstAppearance":null,"showCanon":"mentioned","enriched":1},"geometry":{"type":"Point","coordinates":[41.23642,-5.34477]}},{"type":"Feature","properties":{"slug":"valysar","name":"Valysar","aliases":[],"type":"Town","rank":4,"region":"Essos — Free Cities","allegiance":"Volantis","description":"Volantene river town on the lower Rhoyne. Book background only; never seen in the series.","firstAppearance":null,"showCanon":"mentioned","enriched":1},"geometry":{"type":"Point","coordinates":[41.18035,-7.13892]}},{"type":"Feature","properties":{"slug":"volon-therys","name":"Volon Therys","aliases":[],"type":"Town","rank":4,"region":"Essos — Free Cities","allegiance":"Volantis","description":"River town above the mouths of the Rhoyne where, in the books, the Golden Company mustered. The show's Golden Company sails for Westeros from farther east.","firstAppearance":null,"showCanon":"mentioned","enriched":1},"geometry":{"type":"Point","coordinates":[41.92791,-8.26026]}},{"type":"Feature","properties":{"slug":"pyke","name":"Pyke","aliases":["The Salt Throne","Kingsmoot"],"type":"Castle","rank":4,"region":"The Iron Islands","allegiance":"House Greyjoy","description":"Seat of House Greyjoy — towers on sea-battered stacks joined by swaying rope bridges. Theon came home to it, Balon was thrown from its bridge by Euron, and the kingsmoot on its shores gave Euron the Salt Throne.","firstAppearance":12,"showCanon":"shown","enriched":1},"geometry":{"type":"Point","coordinates":[7.54888,11.06055]}},{"type":"Feature","properties":{"slug":"pebbleton","name":"Pebbleton","aliases":[],"type":"Other","rank":1,"region":"The Iron Islands","allegiance":"House Merlyn","description":"Fishing town on Great Wyk, largest of the Iron Islands. Book background; it is never visited in the show.","firstAppearance":null,"showCanon":"mentioned","enriched":1},"geometry":{"type":"Point","coordinates":[7.04335,11.58577]}},{"type":"Feature","properties":{"slug":"hammerhorn","name":"Hammerhorn","aliases":[],"type":"Other","rank":1,"region":"The Iron Islands","allegiance":"House Goodbrother","description":"Grim inland keep of House Goodbrother on Great Wyk, hewn from the hills above the iron mines. Book background only.","firstAppearance":null,"showCanon":"mentioned","enriched":1},"geometry":{"type":"Point","coordinates":[6.09794,11.85495]}},{"type":"Feature","properties":{"slug":"naggas-ribs","name":"Nagga's Ribs","aliases":[],"type":"Other","rank":1,"region":"The Iron Islands","allegiance":null,"description":"The bones of the sea dragon Nagga on the holy headland of Old Wyk, where the ironborn of legend crowned their kings. The show's kingsmoot draws on this tradition, though the site itself is never shown.","firstAppearance":null,"showCanon":"mentioned","enriched":1},"geometry":{"type":"Point","coordinates":[6.6166,12.1307]}},{"type":"Feature","properties":{"slug":"castle-goodbrother","name":"Castle Goodbrother","aliases":[],"type":"Other","rank":1,"region":"The Iron Islands","allegiance":"House Goodbrother","description":"A lesser Goodbrother holdfast in the Iron Islands. Book background; never seen or named on screen.","firstAppearance":null,"showCanon":"mentioned","enriched":1},"geometry":{"type":"Point","coordinates":[6.82013,12.31452]}},{"type":"Feature","properties":{"slug":"ten-towers","name":"Ten Towers","aliases":[],"type":"Castle","rank":3,"region":"The Iron Islands","allegiance":"House Harlaw","description":"Seat of House Harlaw on Harlaw, the most populous of the isles — ten mismatched towers raised over generations. Home of Rodrik the Reader in the books; unseen in the show.","firstAppearance":null,"showCanon":"mentioned","enriched":1},"geometry":{"type":"Point","coordinates":[9.13112,12.13726]}},{"type":"Feature","properties":{"slug":"winterfell","name":"Winterfell","aliases":["Godswood","Crypts of Winterfell"],"type":"Castle","rank":6,"region":"The North","allegiance":"House Stark","description":"Ancient seat of House Stark and capital of the North, built over hot springs against the winter cold. Burned by Theon's ironborn, seized by the Boltons, retaken by Jon and Sansa — and the field of the Long Night, where the Night King shattered at Arya's hand.","firstAppearance":1,"showCanon":"shown","enriched":1},"geometry":{"type":"Point","coordinates":[14.56016,26.61114]}},{"type":"Feature","properties":{"slug":"castle-black","name":"Castle Black","aliases":["The Wall"],"type":"Castle","rank":5,"region":"The North","allegiance":"The Night's Watch","description":"Principal stronghold of the Night's Watch at the foot of the Wall. Jon Snow rose from steward to Lord Commander here — was murdered and resurrected within its walls — and rode out its gate into the true North in the series' final shot.","firstAppearance":2,"showCanon":"shown","enriched":1},"geometry":{"type":"Point","coordinates":[18.85396,34.89038]}},{"type":"Feature","properties":{"slug":"white-harbor","name":"White Harbor","aliases":[],"type":"City","rank":4,"region":"The North","allegiance":"House Manderly","description":"The North's only city and its main port, ruled by House Manderly, bannermen of the Starks. Jon and Daenerys' armies landed here on the march to Winterfell.","firstAppearance":null,"showCanon":"mentioned","enriched":1},"geometry":{"type":"Point","coordinates":[16.93366,21.36887]}},{"type":"Feature","properties":{"slug":"moat-cailin","name":"Moat Cailin","aliases":[],"type":"Ruin","rank":3,"region":"The North","allegiance":"House Stark","description":"Ruined fortress guarding the causeway through the Neck — the choke point between North and South. Held by ironborn until Ramsay Bolton took it back through Theon's surrender.","firstAppearance":38,"showCanon":"shown","enriched":1},"geometry":{"type":"Point","coordinates":[14.8218,20.15408]}},{"type":"Feature","properties":{"slug":"dreadfort","name":"The Dreadfort","aliases":[],"type":"Castle","rank":3,"region":"The North","allegiance":"House Bolton","description":"Grim seat of House Bolton, whose banners carry the flayed man for good reason. Theon Greyjoy was unmade into Reek in its dungeons.","firstAppearance":22,"showCanon":"shown","enriched":1},"geometry":{"type":"Point","coordinates":[19.91456,27.3587]}},{"type":"Feature","properties":{"slug":"bear-island","name":"Bear Island","aliases":[],"type":"Castle","rank":3,"region":"The North","allegiance":"House Mormont","description":"Forested island in the Bay of Ice, seat of House Mormont. Ten-year-old Lady Lyanna Mormont pledged its sixty-two fighting men to Jon Snow — and died killing a giant at Winterfell.","firstAppearance":57,"showCanon":"shown","enriched":1},"geometry":{"type":"Point","coordinates":[10.11533,30.26591]}},{"type":"Feature","properties":{"slug":"last-hearth","name":"Last Hearth","aliases":[],"type":"Castle","rank":3,"region":"The North","allegiance":"House Umber","description":"Seat of House Umber, last castle before the Gift and the Wall. The dead reached it first in Season 8 — little Ned Umber was left pinned in the Night King's spiral.","firstAppearance":68,"showCanon":"shown","enriched":1},"geometry":{"type":"Point","coordinates":[19.36791,31.33012]}},{"type":"Feature","properties":{"slug":"karhold","name":"Karhold","aliases":[],"type":"Castle","rank":2,"region":"The North","allegiance":"House Karstark","description":"Seat of House Karstark, Stark kin who broke with Robb over Lord Rickard's execution and fought for the Boltons — until Alys Karstark knelt to Jon.","firstAppearance":null,"showCanon":"mentioned","enriched":1},"geometry":{"type":"Point","coordinates":[23.63835,29.49859]}},{"type":"Feature","properties":{"slug":"deepwood-motte","name":"Deepwood Motte","aliases":[],"type":"Castle","rank":2,"region":"The North","allegiance":"House Glover","description":"Wooden motte-and-bailey of House Glover in the wolfswood, seized by Yara's ironborn in the books; the Glovers' wavering loyalty shapes Jon's Season 6 campaign.","firstAppearance":null,"showCanon":"mentioned","enriched":1},"geometry":{"type":"Point","coordinates":[10.65882,29.35843]}},{"type":"Feature","properties":{"slug":"torrhens-square","name":"Torrhen's Square","aliases":[],"type":"Castle","rank":2,"region":"The North","allegiance":"House Tallhart","description":"Square keep of House Tallhart southwest of Winterfell. Theon's feint against it drew Winterfell's garrison away in Season 2.","firstAppearance":16,"showCanon":"mentioned","enriched":1},"geometry":{"type":"Point","coordinates":[11.8666,24.6044]}},{"type":"Feature","properties":{"slug":"barrowton","name":"Barrowton","aliases":[],"type":"Town","rank":4,"region":"The North","allegiance":"House Dustin","description":"Town built around the great barrow of the First Kings, seat of House Dustin. Book background in the show.","firstAppearance":null,"showCanon":"mentioned","enriched":1},"geometry":{"type":"Point","coordinates":[11.20314,21.85712]}},{"type":"Feature","properties":{"slug":"greywater-watch","name":"Greywater Watch","aliases":[],"type":"Castle","rank":2,"region":"The North","allegiance":"House Reed","description":"Floating castle of the crannogmen, moving forever through the swamps of the Neck. Home of Howland Reed — the only living witness to the Tower of Joy — and his children Meera and Jojen.","firstAppearance":null,"showCanon":"mentioned","enriched":1},"geometry":{"type":"Point","coordinates":[14.24244,17.01432]}},{"type":"Feature","properties":{"slug":"hornwood","name":"Hornwood","aliases":[],"type":"Castle","rank":3,"region":"The North","allegiance":"House Hornwood","description":"Seat of House Hornwood between the Dreadfort and Winterfell, swallowed into Bolton hands in the wars. Book background only.","firstAppearance":null,"showCanon":"mentioned","enriched":1},"geometry":{"type":"Point","coordinates":[18.98011,24.91978]}},{"type":"Feature","properties":{"slug":"cerwyn","name":"Cerwyn","aliases":[],"type":"Castle","rank":3,"region":"The North","allegiance":"House Cerwyn","description":"Castle of House Cerwyn a half-day's ride from Winterfell. Ramsay flayed Lord Cerwyn for refusing his taxes — as Sansa is grimly told.","firstAppearance":null,"showCanon":"mentioned","enriched":1},"geometry":{"type":"Point","coordinates":[14.59753,26.05981]}},{"type":"Feature","properties":{"slug":"oldcastle","name":"Oldcastle","aliases":[],"type":"Castle","rank":3,"region":"The North","allegiance":"House Locke","description":"Seat of House Locke on the White Knife's mouth. Book background only.","firstAppearance":null,"showCanon":"mentioned","enriched":1},"geometry":{"type":"Point","coordinates":[18.12976,19.22897]}},{"type":"Feature","properties":{"slug":"ramsgate","name":"Ramsgate","aliases":[],"type":"Castle","rank":3,"region":"The North","allegiance":"House Woolfield","description":"Holdfast east of White Harbor. Book background only.","firstAppearance":null,"showCanon":"mentioned","enriched":1},"geometry":{"type":"Point","coordinates":[21.20411,22.47152]}},{"type":"Feature","properties":{"slug":"widows-watch","name":"Widow's Watch","aliases":[],"type":"Castle","rank":3,"region":"The North","allegiance":"House Flint","description":"Seat of House Flint of Widow's Watch on the stormy eastern cape. Book background only.","firstAppearance":null,"showCanon":"mentioned","enriched":1},"geometry":{"type":"Point","coordinates":[24.22239,21.9015]}},{"type":"Feature","properties":{"slug":"flints-finger","name":"Flint's Finger","aliases":[],"type":"Castle","rank":3,"region":"The North","allegiance":"House Flint","description":"Castle of House Flint on the swampy western cape above Cape Kraken. Book background only.","firstAppearance":null,"showCanon":"mentioned","enriched":1},"geometry":{"type":"Point","coordinates":[8.01666,18.51178]}},{"type":"Feature","properties":{"slug":"queenscrown","name":"Queenscrown","aliases":[],"type":"Landmark","rank":2,"region":"The North","allegiance":null,"description":"Abandoned tower in a lake in the Gift, crowned in gold for a visiting queen. Bran hid here as Jon, held by the wildlings below, refused to kill an innocent — and wargs saved them both.","firstAppearance":29,"showCanon":"shown","enriched":1},"geometry":{"type":"Point","coordinates":[18.15312,33.78773]}},{"type":"Feature","properties":{"slug":"moles-town","name":"Mole's Town","aliases":[],"type":"Village","rank":2,"region":"The North","allegiance":null,"description":"Village half-buried under the Gift, serving the Wall's less official needs. Ygritte's raiders sacked it in Season 4; Sansa met Littlefinger in its tunnels in Season 6.","firstAppearance":37,"showCanon":"shown","enriched":1},"geometry":{"type":"Point","coordinates":[18.88199,34.6007]}},{"type":"Feature","properties":{"slug":"nightfort","name":"The Nightfort","aliases":[],"type":"Ruin","rank":2,"region":"The North","allegiance":"The Night's Watch (abandoned)","description":"Oldest and most haunted of the Wall's castles, long abandoned. Bran's party crossed beneath the Wall through its hidden Black Gate; Sam and Gilly sheltered in its kitchens.","firstAppearance":30,"showCanon":"shown","enriched":1},"geometry":{"type":"Point","coordinates":[18.16714,34.95112]}},{"type":"Feature","properties":{"slug":"shadow-tower","name":"The Shadow Tower","aliases":[],"type":"Castle","rank":2,"region":"The North","allegiance":"The Night's Watch","description":"Westernmost manned castle of the Night's Watch, guarding the Gorge. Mentioned as one of the three castles still garrisoned.","firstAppearance":null,"showCanon":"mentioned","enriched":1},"geometry":{"type":"Point","coordinates":[16.35898,34.99317]}},{"type":"Feature","properties":{"slug":"westwatch-by-the-bridge","name":"Westwatch-by-the-Bridge","aliases":[],"type":"Other","rank":1,"region":"The North","allegiance":"The Night's Watch (abandoned)","description":"Abandoned Night's Watch castle at the Wall's western end. Book background only.","firstAppearance":null,"showCanon":"mentioned","enriched":1},"geometry":{"type":"Point","coordinates":[16.05061,34.99317]}},{"type":"Feature","properties":{"slug":"sentinel-stand","name":"Sentinel Stand","aliases":[],"type":"Other","rank":1,"region":"The North","allegiance":"The Night's Watch (abandoned)","description":"Abandoned castle of the Wall's western reaches. Book background only.","firstAppearance":null,"showCanon":"mentioned","enriched":1},"geometry":{"type":"Point","coordinates":[16.70939,35.01653]}},{"type":"Feature","properties":{"slug":"greyguard","name":"Greyguard","aliases":[],"type":"Other","rank":1,"region":"The North","allegiance":"The Night's Watch (abandoned)","description":"Crumbling Wall castle — the posting Ser Alliser used to exile Janos Slynt, before Slynt's refusal cost him his head.","firstAppearance":null,"showCanon":"mentioned","enriched":1},"geometry":{"type":"Point","coordinates":[17.07383,34.92776]}},{"type":"Feature","properties":{"slug":"stonedoor","name":"Stonedoor","aliases":[],"type":"Other","rank":1,"region":"The North","allegiance":"The Night's Watch (abandoned)","description":"Abandoned castle of the Wall. Book background only.","firstAppearance":null,"showCanon":"mentioned","enriched":1},"geometry":{"type":"Point","coordinates":[17.41491,35.05391]}},{"type":"Feature","properties":{"slug":"hoarfrost-hill","name":"Hoarfrost Hill","aliases":[],"type":"Other","rank":1,"region":"The North","allegiance":"The Night's Watch (abandoned)","description":"Abandoned castle of the Wall. Book background only.","firstAppearance":null,"showCanon":"mentioned","enriched":1},"geometry":{"type":"Point","coordinates":[17.65319,35.03989]}},{"type":"Feature","properties":{"slug":"icemark","name":"Icemark","aliases":[],"type":"Other","rank":1,"region":"The North","allegiance":"The Night's Watch (abandoned)","description":"Abandoned castle of the Wall. Book background only.","firstAppearance":null,"showCanon":"mentioned","enriched":1},"geometry":{"type":"Point","coordinates":[17.93353,34.99317]}},{"type":"Feature","properties":{"slug":"deep-lake","name":"Deep Lake","aliases":[],"type":"Other","rank":1,"region":"The North","allegiance":"The Night's Watch (abandoned)","description":"Wall castle built to replace the sinister Nightfort. Book background only.","firstAppearance":null,"showCanon":"mentioned","enriched":1},"geometry":{"type":"Point","coordinates":[18.35403,34.91374]}},{"type":"Feature","properties":{"slug":"queensgate","name":"Queensgate","aliases":[],"type":"Other","rank":1,"region":"The North","allegiance":"The Night's Watch (abandoned)","description":"Abandoned Wall castle named for the queen whose crown gilded Queenscrown. Book background only.","firstAppearance":null,"showCanon":"mentioned","enriched":1},"geometry":{"type":"Point","coordinates":[18.56895,34.87169]}},{"type":"Feature","properties":{"slug":"oakensheild","name":"Oakenshield","aliases":[],"type":"Other","rank":1,"region":"The North","allegiance":"The Night's Watch (abandoned)","description":"Abandoned castle of the Wall east of Castle Black. Book background only.","firstAppearance":null,"showCanon":"mentioned","enriched":1},"geometry":{"type":"Point","coordinates":[19.1343,34.81095]}},{"type":"Feature","properties":{"slug":"woodswatch-by-the-pool","name":"Woodswatch-by-the-Pool","aliases":[],"type":"Other","rank":1,"region":"The North","allegiance":"The Night's Watch (abandoned)","description":"Abandoned castle of the Wall. Book background only.","firstAppearance":null,"showCanon":"mentioned","enriched":1},"geometry":{"type":"Point","coordinates":[19.37258,34.79694]}},{"type":"Feature","properties":{"slug":"sable-hall","name":"Sable Hall","aliases":[],"type":"Other","rank":1,"region":"The North","allegiance":"The Night's Watch (abandoned)","description":"Abandoned castle of the Wall. Book background only.","firstAppearance":null,"showCanon":"mentioned","enriched":1},"geometry":{"type":"Point","coordinates":[19.68095,34.75021]}},{"type":"Feature","properties":{"slug":"rimegate","name":"Rimegate","aliases":[],"type":"Other","rank":1,"region":"The North","allegiance":"The Night's Watch (abandoned)","description":"Abandoned castle of the Wall. Book background only.","firstAppearance":null,"showCanon":"mentioned","enriched":1},"geometry":{"type":"Point","coordinates":[19.96596,34.73152]}},{"type":"Feature","properties":{"slug":"long-barrow","name":"Long Barrow","aliases":[],"type":"Other","rank":1,"region":"The North","allegiance":"The Night's Watch (abandoned)","description":"Abandoned castle of the Wall, built over an old barrow. Book background only.","firstAppearance":null,"showCanon":"mentioned","enriched":1},"geometry":{"type":"Point","coordinates":[20.19023,34.69415]}},{"type":"Feature","properties":{"slug":"torches","name":"The Torches","aliases":[],"type":"Other","rank":1,"region":"The North","allegiance":"The Night's Watch (abandoned)","description":"Abandoned castle of the Wall. Book background only.","firstAppearance":null,"showCanon":"mentioned","enriched":1},"geometry":{"type":"Point","coordinates":[20.40982,34.67078]}},{"type":"Feature","properties":{"slug":"greenguard","name":"Greenguard","aliases":[],"type":"Other","rank":1,"region":"The North","allegiance":"The Night's Watch (abandoned)","description":"Abandoned castle of the Wall near its eastern end. Book background only.","firstAppearance":null,"showCanon":"mentioned","enriched":1},"geometry":{"type":"Point","coordinates":[20.57335,34.62873]}},{"type":"Feature","properties":{"slug":"tower","name":"Northern Watchtower","aliases":[],"type":"Other","rank":1,"region":"The North","allegiance":null,"description":"Lonely watchtower of the northern hills. Book background only.","firstAppearance":null,"showCanon":"mentioned","enriched":1},"geometry":{"type":"Point","coordinates":[18.59699,25.9103]}},{"type":"Feature","properties":{"slug":"holdfast-158","name":"Northern Holdfast","aliases":[],"type":"Other","rank":1,"region":"The North","allegiance":null,"description":"Small holdfast of the northern countryside. Book background only.","firstAppearance":null,"showCanon":"mentioned","enriched":1},"geometry":{"type":"Point","coordinates":[14.80311,26.82606]}},{"type":"Feature","properties":{"slug":"crofters-village","name":"Crofters' Village","aliases":[],"type":"Other","rank":1,"region":"The North","allegiance":null,"description":"Village by a lake in the wolfswood — in the books, the frozen camp of Stannis's final campaign.","firstAppearance":null,"showCanon":"mentioned","enriched":1},"geometry":{"type":"Point","coordinates":[14.13031,26.82606]}},{"type":"Feature","properties":{"slug":"tumbledown-tower","name":"Tumbledown Tower","aliases":[],"type":"Other","rank":1,"region":"The North","allegiance":null,"description":"Ruined tower of the wolfswood. Book background only.","firstAppearance":null,"showCanon":"mentioned","enriched":1},"geometry":{"type":"Point","coordinates":[14.19105,27.60166]}},{"type":"Feature","properties":{"slug":"fishing-village","name":"Stony Shore Village","aliases":[],"type":"Other","rank":1,"region":"The North","allegiance":null,"description":"Fishing village of the Stony Shore — the coast Theon raided to prove himself ironborn in Season 2.","firstAppearance":null,"showCanon":"mentioned","enriched":1},"geometry":{"type":"Point","coordinates":[5.14088,24.48059]}},{"type":"Feature","properties":{"slug":"highgarden","name":"Highgarden","aliases":[],"type":"Castle","rank":4,"region":"The Reach","allegiance":"House Tyrell","description":"Rose-crowned seat of House Tyrell above the Mander, richest of the great castles. Jaime took it without a siege in Season 7 — and Olenna Tyrell drank his poison and told him it was she who killed Joffrey.","firstAppearance":63,"showCanon":"shown","enriched":1},"geometry":{"type":"Point","coordinates":[10.71489,-2.76802]}},{"type":"Feature","properties":{"slug":"oldtown","name":"Oldtown","aliases":["The Citadel","Hightower"],"type":"City","rank":5,"region":"The Reach","allegiance":"House Hightower","description":"Oldest and second-greatest city of Westeros, lit by the Hightower's beacon. Sam studied — and stole from — the Citadel's great library here, curing Jorah's grayscale and finding the truth of Jon's birth.","firstAppearance":60,"showCanon":"shown","enriched":1},"geometry":{"type":"Point","coordinates":[7.75268,-6.57124]}},{"type":"Feature","properties":{"slug":"horn-hill","name":"Horn Hill","aliases":[],"type":"Castle","rank":3,"region":"The Reach","allegiance":"House Tarly","description":"Seat of House Tarly in the foothills of the Red Mountains. Sam brought Gilly home to his father's contempt in Season 6 — and left with the family's Valyrian greatsword, Heartsbane.","firstAppearance":56,"showCanon":"shown","enriched":1},"geometry":{"type":"Point","coordinates":[10.79899,-4.44069]}},{"type":"Feature","properties":{"slug":"tumbleton","name":"Tumbleton","aliases":[],"type":"Town","rank":4,"region":"The Reach","allegiance":"House Footly","description":"Market town on the Mander, on the road between the Reach and King's Landing. Book background in the show's era.","firstAppearance":null,"showCanon":"mentioned","enriched":1},"geometry":{"type":"Point","coordinates":[16.79116,2.33642]}},{"type":"Feature","properties":{"slug":"bitterbridge","name":"Bitterbridge","aliases":[],"type":"Castle","rank":3,"region":"The Reach","allegiance":"House Caswell","description":"Castle at the old stone bridge over the Mander where, in the books, Renly's great host camped. The show's Renly camps nearer the coast.","firstAppearance":null,"showCanon":"mentioned","enriched":1},"geometry":{"type":"Point","coordinates":[14.41999,0.73617]}},{"type":"Feature","properties":{"slug":"ashford","name":"Ashford","aliases":[],"type":"Castle","rank":3,"region":"The Reach","allegiance":"House Ashford","description":"Castle and town on the Cockleswhent, site of a famous tourney of Dunk and Egg legend. Book background only.","firstAppearance":null,"showCanon":"mentioned","enriched":1},"geometry":{"type":"Point","coordinates":[14.64893,-1.85226]}},{"type":"Feature","properties":{"slug":"cider-hall","name":"Cider Hall","aliases":[],"type":"Castle","rank":3,"region":"The Reach","allegiance":"House Fossoway","description":"Apple-sigiled seat of House Fossoway at the meeting of the Mander and the Cockleswhent. Book background only.","firstAppearance":null,"showCanon":"mentioned","enriched":1},"geometry":{"type":"Point","coordinates":[12.93888,-1.30093]}},{"type":"Feature","properties":{"slug":"brightwater-keep","name":"Brightwater Keep","aliases":[],"type":"Castle","rank":3,"region":"The Reach","allegiance":"House Florent","description":"Seat of House Florent, kin by marriage to Stannis Baratheon — Queen Selyse's family castle. Named in the books; background in the show.","firstAppearance":null,"showCanon":"mentioned","enriched":1},"geometry":{"type":"Point","coordinates":[7.92088,-4.52479]}},{"type":"Feature","properties":{"slug":"fawnton","name":"Fawnton","aliases":[],"type":"Town","rank":4,"region":"The Reach","allegiance":"House Cafferen","description":"Town of House Cafferen in the eastern Reach. Book background only.","firstAppearance":null,"showCanon":"mentioned","enriched":1},"geometry":{"type":"Point","coordinates":[18.60166,0.92306]}},{"type":"Feature","properties":{"slug":"grassy-vale","name":"Grassy Vale","aliases":[],"type":"Castle","rank":3,"region":"The Reach","allegiance":"House Meadows","description":"Castle of House Meadows on the upper Mander. Book background only.","firstAppearance":null,"showCanon":"mentioned","enriched":1},"geometry":{"type":"Point","coordinates":[17.13457,0.1755]}},{"type":"Feature","properties":{"slug":"bandallon","name":"Bandallon","aliases":[],"type":"Castle","rank":3,"region":"The Reach","allegiance":"House Blackbar","description":"Seat of House Blackbar on the western shore of the Reach. Book background only.","firstAppearance":null,"showCanon":"mentioned","enriched":1},"geometry":{"type":"Point","coordinates":[6.45379,-4.41266]}},{"type":"Feature","properties":{"slug":"honeyholt","name":"Honeyholt","aliases":[],"type":"Castle","rank":3,"region":"The Reach","allegiance":"House Beesbury","description":"Bee-and-honey seat of House Beesbury near Oldtown. Book background only.","firstAppearance":null,"showCanon":"mentioned","enriched":1},"geometry":{"type":"Point","coordinates":[8.15449,-5.43121]}},{"type":"Feature","properties":{"slug":"blackcrown","name":"Blackcrown","aliases":[],"type":"Castle","rank":3,"region":"The Reach","allegiance":"House Bulwer","description":"Castle of House Bulwer southwest of Oldtown. Book background only.","firstAppearance":null,"showCanon":"mentioned","enriched":1},"geometry":{"type":"Point","coordinates":[6.351,-7.24405]}},{"type":"Feature","properties":{"slug":"three-towers","name":"Three Towers","aliases":[],"type":"Castle","rank":3,"region":"The Reach","allegiance":"House Costayne","description":"Seat of House Costayne on the Whispering Sound south of Oldtown. Book background only.","firstAppearance":null,"showCanon":"mentioned","enriched":1},"geometry":{"type":"Point","coordinates":[6.99577,-8.06636]}},{"type":"Feature","properties":{"slug":"sunflower-hall","name":"Sunflower Hall","aliases":[],"type":"Castle","rank":3,"region":"The Reach","allegiance":"House Cuy","description":"Seat of House Cuy on the coast east of Oldtown. Book background only.","firstAppearance":null,"showCanon":"mentioned","enriched":1},"geometry":{"type":"Point","coordinates":[9.14501,-9.72969]}},{"type":"Feature","properties":{"slug":"longtable","name":"Longtable","aliases":[],"type":"Castle","rank":3,"region":"The Reach","allegiance":"House Merryweather","description":"Castle of House Merryweather on the Mander. Book background only.","firstAppearance":null,"showCanon":"mentioned","enriched":1},"geometry":{"type":"Point","coordinates":[14.13031,-0.22631]}},{"type":"Feature","properties":{"slug":"goldengrove","name":"Goldengrove","aliases":[],"type":"Castle","rank":3,"region":"The Reach","allegiance":"House Rowan","description":"Seat of House Rowan in the northern Reach. Book background only.","firstAppearance":null,"showCanon":"mentioned","enriched":1},"geometry":{"type":"Point","coordinates":[10.77563,0.73617]}},{"type":"Feature","properties":{"slug":"red-lake","name":"Red Lake","aliases":[],"type":"Castle","rank":3,"region":"The Reach","allegiance":"House Crane","description":"Castle of House Crane on the shores of Red Lake in the northwestern Reach. Book background only.","firstAppearance":null,"showCanon":"mentioned","enriched":1},"geometry":{"type":"Point","coordinates":[8.7759,1.47439]}},{"type":"Feature","properties":{"slug":"old-oak","name":"Old Oak","aliases":[],"type":"Castle","rank":3,"region":"The Reach","allegiance":"House Oakheart","description":"Seat of House Oakheart on the ocean road between the Reach and the Westerlands. Book background only.","firstAppearance":null,"showCanon":"mentioned","enriched":1},"geometry":{"type":"Point","coordinates":[7.33684,-0.18894]}},{"type":"Feature","properties":{"slug":"tarbeck-hall","name":"Tarbeck Hall","aliases":[],"type":"Ruin","rank":2,"region":"The Westerlands","allegiance":null,"description":"Ruin of House Tarbeck, destroyed alongside the Reynes of Castamere when Tywin Lannister ended both rebel houses. Its fall echoes in the same grim song.","firstAppearance":null,"showCanon":"mentioned","enriched":1},"geometry":{"type":"Point","coordinates":[7.02848,4.0161]}},{"type":"Feature","properties":{"slug":"lord-hewetts-town","name":"Lord Hewett's Town","aliases":[],"type":"Other","rank":1,"region":"The Reach","allegiance":"House Hewett","description":"Harbor town of the Shield Islands guarding the mouth of the Mander. Book background only.","firstAppearance":null,"showCanon":"mentioned","enriched":1},"geometry":{"type":"Point","coordinates":[7.68675,-1.92239]}},{"type":"Feature","properties":{"slug":"harrenhal","name":"Harrenhal","aliases":[],"type":"Castle","rank":4,"region":"The Riverlands","allegiance":"Contested","description":"Greatest and unluckiest castle in Westeros, its towers melted by dragonfire three centuries ago. Arya served Tywin here as cupbearer; Jaime lost a hand nearby, confessed in its baths and leapt into its bear pit for Brienne.","firstAppearance":14,"showCanon":"shown","enriched":1},"geometry":{"type":"Point","coordinates":[16.90096,8.37999]}},{"type":"Feature","properties":{"slug":"riverrun","name":"Riverrun","aliases":[],"type":"Castle","rank":4,"region":"The Riverlands","allegiance":"House Tully","description":"Moated seat of House Tully at the joining of two rivers. Robb was proclaimed King in the North here; years later Jaime ended the Blackfish's last stand by turning Edmure against his own walls.","firstAppearance":23,"showCanon":"shown","enriched":1},"geometry":{"type":"Point","coordinates":[13.31266,9.49198]}},{"type":"Feature","properties":{"slug":"twins","name":"The Twins","aliases":["The Crossing","House Frey"],"type":"Castle","rank":4,"region":"The Riverlands","allegiance":"House Frey","description":"Twin castles bridging the Green Fork, toll-gate of the north and seat of Walder Frey. The Red Wedding drowned its hall in Stark blood — and Arya Stark returned twice to collect the debt.","firstAppearance":29,"showCanon":"shown","enriched":1},"geometry":{"type":"Point","coordinates":[13.29865,14.47261]}},{"type":"Feature","properties":{"slug":"crossroads-inn","name":"Crossroads Inn","aliases":["Inn at the Crossroads"],"type":"Landmark","rank":3,"region":"The Riverlands","allegiance":null,"description":"The famous inn where the kingsroad meets the river road. Catelyn seized Tyrion here; Arya reclaimed Needle from Polliver here; and Hot Pie bakes here still, twice pointing Brienne and Arya on their way.","firstAppearance":4,"showCanon":"shown","enriched":1},"geometry":{"type":"Point","coordinates":[17.34015,9.81904]}},{"type":"Feature","properties":{"slug":"stoney-sept","name":"Stoney Sept","aliases":[],"type":"Town","rank":4,"region":"The Riverlands","allegiance":null,"description":"Largest town of the riverlands, remembered for the Battle of the Bells in Robert's Rebellion. Book background in the show's era.","firstAppearance":null,"showCanon":"mentioned","enriched":1},"geometry":{"type":"Point","coordinates":[13.99481,6.1373]}},{"type":"Feature","properties":{"slug":"high-heart","name":"High Heart","aliases":[],"type":"Ruin","rank":2,"region":"The Riverlands","allegiance":null,"description":"Sacred hill ringed by weirwood stumps, haunted by old gods' dreams. The Brotherhood's ghost-seeress dwells here in the books; the show keeps only its wild riverland setting.","firstAppearance":null,"showCanon":"mentioned","enriched":1},"geometry":{"type":"Point","coordinates":[14.23777,8.45241]}},{"type":"Feature","properties":{"slug":"hollow-hill","name":"Hollow Hill","aliases":[],"type":"Landmark","rank":2,"region":"The Riverlands","allegiance":null,"description":"Hidden cave-hall of the Brotherhood Without Banners, where the Hound was tried by fire against Beric Dondarrion and Arya watched a dead man rise again.","firstAppearance":25,"showCanon":"shown","enriched":1},"geometry":{"type":"Point","coordinates":[13.40611,6.52043]}},{"type":"Feature","properties":{"slug":"stone-mill","name":"Stone Mill","aliases":[],"type":"Other","rank":2,"region":"The Riverlands","allegiance":null,"description":"Mill on the Red Fork where Edmure Tully threw back the Mountain's raiders — a 'victory' that wrecked Robb's trap and cost the Stark cause dearly.","firstAppearance":23,"showCanon":"mentioned","enriched":1},"geometry":{"type":"Point","coordinates":[13.22389,8.53884]}},{"type":"Feature","properties":{"slug":"darry","name":"Darry","aliases":[],"type":"Castle","rank":3,"region":"The Riverlands","allegiance":"House Darry","description":"Castle of House Darry near the kingsroad. The confrontation over Arya's direwolf happened in its lands in Season 1. Otherwise book background.","firstAppearance":null,"showCanon":"mentioned","enriched":1},"geometry":{"type":"Point","coordinates":[17.37753,9.37051]}},{"type":"Feature","properties":{"slug":"maidenpool","name":"Maidenpool","aliases":[],"type":"Town","rank":4,"region":"The Riverlands","allegiance":"House Mooton","description":"Port town on the Bay of Crabs where Florian first saw Jonquil bathing, or so the songs say. Book background in the show.","firstAppearance":null,"showCanon":"mentioned","enriched":1},"geometry":{"type":"Point","coordinates":[20.17154,8.23047]}},{"type":"Feature","properties":{"slug":"seagard","name":"Seagard","aliases":[],"type":"Castle","rank":3,"region":"The Riverlands","allegiance":"House Mallister","description":"Fortified port of House Mallister, raised to guard against ironborn raids. Book background only.","firstAppearance":null,"showCanon":"mentioned","enriched":1},"geometry":{"type":"Point","coordinates":[13.07438,13.2952]}},{"type":"Feature","properties":{"slug":"stone-hedge","name":"Stone Hedge","aliases":[],"type":"Castle","rank":3,"region":"The Riverlands","allegiance":"House Bracken","description":"Seat of House Bracken on the Red Fork, ancient rivals of the Blackwoods across the river. Book background only.","firstAppearance":null,"showCanon":"mentioned","enriched":1},"geometry":{"type":"Point","coordinates":[15.20493,9.43592]}},{"type":"Feature","properties":{"slug":"raventree-hall","name":"Raventree Hall","aliases":[],"type":"Castle","rank":3,"region":"The Riverlands","allegiance":"House Blackwood","description":"Seat of House Blackwood beneath a dead weirwood full of ravens. Book background only.","firstAppearance":null,"showCanon":"mentioned","enriched":1},"geometry":{"type":"Point","coordinates":[15.7983,8.83787]}},{"type":"Feature","properties":{"slug":"acorn-hall","name":"Acorn Hall","aliases":[],"type":"Castle","rank":3,"region":"The Riverlands","allegiance":"House Smallwood","description":"Keep of House Smallwood in the riverland woods, a stop on Arya's book travels with the Brotherhood. Background in the show.","firstAppearance":null,"showCanon":"mentioned","enriched":1},"geometry":{"type":"Point","coordinates":[14.05088,8.01555]}},{"type":"Feature","properties":{"slug":"pinkmaiden","name":"Pinkmaiden","aliases":[],"type":"Castle","rank":3,"region":"The Riverlands","allegiance":"House Piper","description":"Castle of House Piper on the Red Fork. Book background only.","firstAppearance":null,"showCanon":"mentioned","enriched":1},"geometry":{"type":"Point","coordinates":[12.9856,7.60439]}},{"type":"Feature","properties":{"slug":"antlers","name":"Antlers","aliases":[],"type":"Castle","rank":3,"region":"The Riverlands","allegiance":"House Buckwell","description":"Castle of House Buckwell northeast of King's Landing. Book background only.","firstAppearance":null,"showCanon":"mentioned","enriched":1},"geometry":{"type":"Point","coordinates":[19.60152,7.31471]}},{"type":"Feature","properties":{"slug":"sows-horn","name":"Sow's Horn","aliases":[],"type":"Castle","rank":3,"region":"The Riverlands","allegiance":"House Hogg","description":"Holdfast of House Hogg near the crownland border. Book background only.","firstAppearance":null,"showCanon":"mentioned","enriched":1},"geometry":{"type":"Point","coordinates":[18.8563,6.4153]}},{"type":"Feature","properties":{"slug":"brindlewood","name":"Brindlewood","aliases":[],"type":"Other","rank":1,"region":"The Riverlands","allegiance":null,"description":"Village on the kingsroad approach to King's Landing. Book background only.","firstAppearance":null,"showCanon":"mentioned","enriched":1},"geometry":{"type":"Point","coordinates":[18.65072,5.52757]}},{"type":"Feature","properties":{"slug":"ivy-inn","name":"Ivy Inn","aliases":[],"type":"Other","rank":1,"region":"The Riverlands","allegiance":null,"description":"Roadside inn on the kingsroad south of the Trident. Book background only.","firstAppearance":null,"showCanon":"mentioned","enriched":1},"geometry":{"type":"Point","coordinates":[18.50821,6.26813]}},{"type":"Feature","properties":{"slug":"village","name":"Trident Village","aliases":[],"type":"Other","rank":1,"region":"The Riverlands","allegiance":null,"description":"One of the countless riverland villages burned and re-burned as armies crossed the Trident — the war's quiet casualties.","firstAppearance":null,"showCanon":"mentioned","enriched":1},"geometry":{"type":"Point","coordinates":[17.62983,7.00634]}},{"type":"Feature","properties":{"slug":"holdfast","name":"Riverlands Holdfast","aliases":[],"type":"Other","rank":1,"region":"The Riverlands","allegiance":null,"description":"Fortified refuge typical of the riverland smallfolk, offering thin protection from the War of the Five Kings.","firstAppearance":null,"showCanon":"mentioned","enriched":1},"geometry":{"type":"Point","coordinates":[16.80751,6.46436]}},{"type":"Feature","properties":{"slug":"rushing-falls","name":"Rushing Falls","aliases":[],"type":"Other","rank":1,"region":"The Riverlands","allegiance":null,"description":"Falls of the upper Blackwater Rush. Book background geography.","firstAppearance":null,"showCanon":"mentioned","enriched":1},"geometry":{"type":"Point","coordinates":[16.39635,7.92211]}},{"type":"Feature","properties":{"slug":"tumblers-falls","name":"Tumbler's Falls","aliases":[],"type":"Other","rank":1,"region":"The Riverlands","allegiance":null,"description":"River town at the falls of the Blackwater Rush. Book background only.","firstAppearance":null,"showCanon":"mentioned","enriched":1},"geometry":{"type":"Point","coordinates":[14.64893,6.84749]}},{"type":"Feature","properties":{"slug":"sept","name":"Riverland Sept","aliases":[],"type":"Other","rank":1,"region":"The Riverlands","allegiance":null,"description":"Country sept of the riverlands — kin to the quiet septry where the Hound found brief peace with Brother Ray's flock before the Brotherhood's renegades came.","firstAppearance":null,"showCanon":"mentioned","enriched":1},"geometry":{"type":"Point","coordinates":[13.74251,6.98765]}},{"type":"Feature","properties":{"slug":"mummers-ford","name":"Mummer's Ford","aliases":[],"type":"Other","rank":1,"region":"The Riverlands","allegiance":null,"description":"Ford on the Red Fork where, in the books, Beric Dondarrion's party was ambushed by the Mountain — the errand Ned sent him on in Season 1.","firstAppearance":null,"showCanon":"mentioned","enriched":1},"geometry":{"type":"Point","coordinates":[12.74265,7.23996]}},{"type":"Feature","properties":{"slug":"sherrer","name":"Sherrer","aliases":[],"type":"Other","rank":1,"region":"The Riverlands","allegiance":null,"description":"Village put to the sword in the Mountain's raids — its survivors petitioned Ned Stark on the Iron Throne in Season 1.","firstAppearance":null,"showCanon":"mentioned","enriched":1},"geometry":{"type":"Point","coordinates":[12.75199,7.04372]}},{"type":"Feature","properties":{"slug":"wendish-town","name":"Wendish Town","aliases":[],"type":"Other","rank":1,"region":"The Riverlands","allegiance":null,"description":"Riverland town burned in Gregor Clegane's raids, named among the ruins reported to the Iron Throne.","firstAppearance":null,"showCanon":"mentioned","enriched":1},"geometry":{"type":"Point","coordinates":[12.58379,7.0811]}},{"type":"Feature","properties":{"slug":"lord-goodbrooks-village","name":"Lord Goodbrook's Village","aliases":[],"type":"Other","rank":1,"region":"The Riverlands","allegiance":null,"description":"Village of a minor riverland house. Book background only.","firstAppearance":null,"showCanon":"mentioned","enriched":1},"geometry":{"type":"Point","coordinates":[14.65827,8.67901]}},{"type":"Feature","properties":{"slug":"sallydance","name":"Sallydance","aliases":[],"type":"Other","rank":1,"region":"The Riverlands","allegiance":null,"description":"Riverland village of the books, plundered in the war. Book background only.","firstAppearance":null,"showCanon":"mentioned","enriched":1},"geometry":{"type":"Point","coordinates":[14.20039,8.76311]}},{"type":"Feature","properties":{"slug":"lady-of-the-leaves","name":"Lady of the Leaves' Village","aliases":[],"type":"Other","rank":1,"region":"The Riverlands","allegiance":null,"description":"Hidden treetop village of war refugees from the books. Book background only.","firstAppearance":null,"showCanon":"mentioned","enriched":1},"geometry":{"type":"Point","coordinates":[14.03219,9.00607]}},{"type":"Feature","properties":{"slug":"lord-lychesters-keep","name":"Lord Lychester's Keep","aliases":[],"type":"Other","rank":1,"region":"The Riverlands","allegiance":null,"description":"Small keep of a broken riverland house. Book background only.","firstAppearance":null,"showCanon":"mentioned","enriched":1},"geometry":{"type":"Point","coordinates":[14.61155,9.42657]}},{"type":"Feature","properties":{"slug":"unnamed-village","name":"Trident Hamlet","aliases":[],"type":"Other","rank":1,"region":"The Riverlands","allegiance":null,"description":"Nameless hamlet of the war-torn Trident country. Book background only.","firstAppearance":null,"showCanon":"mentioned","enriched":1},"geometry":{"type":"Point","coordinates":[14.75172,9.60412]}},{"type":"Feature","properties":{"slug":"inn-they-ley-with-lions","name":"Inn of the Lion Banner","aliases":[],"type":"Other","rank":1,"region":"The Riverlands","allegiance":null,"description":"Roadside inn that hosted Lannister soldiery in the war years — the kind of place Arya and the Hound learned to eat at quietly.","firstAppearance":null,"showCanon":"mentioned","enriched":1},"geometry":{"type":"Point","coordinates":[13.83596,9.81904]}},{"type":"Feature","properties":{"slug":"inn-of-the-kneeling-man","name":"Inn of the Kneeling Man","aliases":[],"type":"Other","rank":1,"region":"The Riverlands","allegiance":null,"description":"Trident inn named for the king who knelt to Aegon the Conqueror. In the books, Arya's party is taken by the Brotherhood here.","firstAppearance":null,"showCanon":"mentioned","enriched":1},"geometry":{"type":"Point","coordinates":[14.8732,10.27692]}},{"type":"Feature","properties":{"slug":"bwb-hideout","name":"Brotherhood Hideout","aliases":[],"type":"Other","rank":1,"region":"The Riverlands","allegiance":null,"description":"One of the Brotherhood Without Banners' scattered boltholes in the riverland hills — the outlaws who fight for the smallfolk of no king.","firstAppearance":null,"showCanon":"mentioned","enriched":1},"geometry":{"type":"Point","coordinates":[16.01323,10.36102]}},{"type":"Feature","properties":{"slug":"lort-harroways-town","name":"Lord Harroway's Town","aliases":[],"type":"Other","rank":1,"region":"The Riverlands","allegiance":null,"description":"Trident crossing town of the books, half-drowned by the wars' seasons. Book background only.","firstAppearance":null,"showCanon":"mentioned","enriched":1},"geometry":{"type":"Point","coordinates":[16.88227,9.7256]}},{"type":"Feature","properties":{"slug":"quiet-isle","name":"Quiet Isle","aliases":[],"type":"Other","rank":1,"region":"The Riverlands","allegiance":null,"description":"Monastic island at the mouth of the Trident where broken men heal in silence. The show's Brother Ray sept storyline borrows its spirit.","firstAppearance":null,"showCanon":"mentioned","enriched":1},"geometry":{"type":"Point","coordinates":[19.22774,8.93131]}},{"type":"Feature","properties":{"slug":"fairmarket","name":"Fairmarket","aliases":[],"type":"Town","rank":4,"region":"The Riverlands","allegiance":null,"description":"Market town on the Blue Fork. Book background only.","firstAppearance":null,"showCanon":"mentioned","enriched":1},"geometry":{"type":"Point","coordinates":[14.80311,11.48237]}},{"type":"Feature","properties":{"slug":"oldstones","name":"Oldstones","aliases":[],"type":"Ruin","rank":2,"region":"The Riverlands","allegiance":null,"description":"Ruined hilltop castle of the ancient river kings, where in the books Robb holds council. Background in the show.","firstAppearance":null,"showCanon":"mentioned","enriched":1},"geometry":{"type":"Point","coordinates":[13.81259,11.97763]}},{"type":"Feature","properties":{"slug":"palisade-village","name":"Palisade Village","aliases":[],"type":"Other","rank":1,"region":"The Riverlands","allegiance":null,"description":"Stockaded village of the northern riverlands. Book background only.","firstAppearance":null,"showCanon":"mentioned","enriched":1},"geometry":{"type":"Point","coordinates":[17.54106,11.14596]}},{"type":"Feature","properties":{"slug":"pennytree","name":"Pennytree","aliases":[],"type":"Other","rank":1,"region":"The Riverlands","allegiance":null,"description":"Village around an ancient oak studded with pennies for luck. Book background only.","firstAppearance":null,"showCanon":"mentioned","enriched":1},"geometry":{"type":"Point","coordinates":[15.5133,8.92664]}},{"type":"Feature","properties":{"slug":"storms-end","name":"Storm's End","aliases":[],"type":"Castle","rank":4,"region":"The Stormlands","allegiance":"House Baratheon","description":"Ancient storm-proof seat of House Baratheon, raised by legend against the wrath of the gods. Renly and Stannis parleyed beneath its walls, Melisandre birthed the shadow in the caves below, and Gendry was legitimized its lord by King Bran's council era.","firstAppearance":14,"showCanon":"shown","enriched":1},"geometry":{"type":"Point","coordinates":[22.71325,-0.65616]}},{"type":"Feature","properties":{"slug":"evenfall-hall","name":"Evenfall Hall","aliases":[],"type":"Castle","rank":2,"region":"The Stormlands","allegiance":"House Tarth","description":"Seat of House Tarth on the Sapphire Isle — Brienne's home, which she left behind for Renly's colors and never truly returned to.","firstAppearance":null,"showCanon":"mentioned","enriched":1},"geometry":{"type":"Point","coordinates":[24.79941,0.27128]}},{"type":"Feature","properties":{"slug":"summerhall","name":"Summerhall","aliases":[],"type":"Ruin","rank":2,"region":"The Stormlands","allegiance":null,"description":"Burned summer palace of the Targaryens, where a king died trying to wake dragons from eggs. A ghost story by the show's era, known from Targaryen history.","firstAppearance":null,"showCanon":"mentioned","enriched":1},"geometry":{"type":"Point","coordinates":[18.49887,-1.70275]}},{"type":"Feature","properties":{"slug":"blackhaven","name":"Blackhaven","aliases":[],"type":"Castle","rank":3,"region":"The Stormlands","allegiance":"House Dondarrion","description":"Seat of House Dondarrion in the Dornish Marches — Beric's home, which he left on Ned Stark's errand and never saw again.","firstAppearance":null,"showCanon":"mentioned","enriched":1},"geometry":{"type":"Point","coordinates":[17.86344,-2.85212]}},{"type":"Feature","properties":{"slug":"nightsong","name":"Nightsong","aliases":[],"type":"Castle","rank":3,"region":"The Stormlands","allegiance":"House Caron","description":"March castle of House Caron guarding the passes into Dorne. Book background only.","firstAppearance":null,"showCanon":"mentioned","enriched":1},"geometry":{"type":"Point","coordinates":[13.61169,-4.27249]}},{"type":"Feature","properties":{"slug":"haystack-hall","name":"Haystack Hall","aliases":[],"type":"Castle","rank":3,"region":"The Stormlands","allegiance":"House Errol","description":"Seat of House Errol in the stormland interior. Book background; never seen in the show.","firstAppearance":null,"showCanon":"mentioned","enriched":1},"geometry":{"type":"Point","coordinates":[22.74128,1.54914]}},{"type":"Feature","properties":{"slug":"bronzegate","name":"Bronzegate","aliases":[],"type":"Castle","rank":3,"region":"The Stormlands","allegiance":"House Buckler","description":"Castle of House Buckler on the road between King's Landing and Storm's End. Book background only.","firstAppearance":null,"showCanon":"mentioned","enriched":1},"geometry":{"type":"Point","coordinates":[22.04044,1.29684]}},{"type":"Feature","properties":{"slug":"felwood","name":"Felwood","aliases":[],"type":"Castle","rank":3,"region":"The Stormlands","allegiance":"House Fell","description":"Keep of House Fell in the rainwood's northern reaches. Book background only.","firstAppearance":null,"showCanon":"mentioned","enriched":1},"geometry":{"type":"Point","coordinates":[21.28354,0.4278]}},{"type":"Feature","properties":{"slug":"griffins-roost","name":"Griffin's Roost","aliases":[],"type":"Castle","rank":3,"region":"The Stormlands","allegiance":"House Connington","description":"Cliff-perched seat of the exiled House Connington on Cape Wrath. Central to a book plotline the show cut entirely.","firstAppearance":null,"showCanon":"mentioned","enriched":1},"geometry":{"type":"Point","coordinates":[21.81617,-1.26355]}},{"type":"Feature","properties":{"slug":"rain-house","name":"Rain House","aliases":[],"type":"Castle","rank":3,"region":"The Stormlands","allegiance":"House Wylde","description":"Storm-lashed castle of House Wylde on the rainwood coast. Book background only.","firstAppearance":null,"showCanon":"mentioned","enriched":1},"geometry":{"type":"Point","coordinates":[25.05872,-1.99243]}},{"type":"Feature","properties":{"slug":"greenstone","name":"Greenstone","aliases":[],"type":"Castle","rank":3,"region":"The Stormlands","allegiance":"House Estermont","description":"Seat of House Estermont on its island off the stormland coast — kin to Robert Baratheon's mother. Book background only.","firstAppearance":null,"showCanon":"mentioned","enriched":1},"geometry":{"type":"Point","coordinates":[24.79707,-4.0856]}},{"type":"Feature","properties":{"slug":"weeping-tower","name":"Weeping Tower","aliases":[],"type":"Castle","rank":3,"region":"The Stormlands","allegiance":null,"description":"Lonely watchtower of the stormland coast. Book background only.","firstAppearance":null,"showCanon":"mentioned","enriched":1},"geometry":{"type":"Point","coordinates":[22.8721,-4.5902]}},{"type":"Feature","properties":{"slug":"mistwood","name":"Mistwood","aliases":[],"type":"Castle","rank":3,"region":"The Stormlands","allegiance":"House Mertyns","description":"Castle of House Mertyns deep in the rainwood. Book background only.","firstAppearance":null,"showCanon":"mentioned","enriched":1},"geometry":{"type":"Point","coordinates":[23.00293,-3.80526]}},{"type":"Feature","properties":{"slug":"stonehelm","name":"Stonehelm","aliases":[],"type":"Castle","rank":3,"region":"The Stormlands","allegiance":"House Swann","description":"Seat of House Swann above the Slayne in the marches. Balon Swann serves in the books' Kingsguard; the show leaves the family behind.","firstAppearance":null,"showCanon":"mentioned","enriched":1},"geometry":{"type":"Point","coordinates":[20.04071,-3.23525]}},{"type":"Feature","properties":{"slug":"crows-nest","name":"Crow's Nest","aliases":[],"type":"Castle","rank":3,"region":"The Stormlands","allegiance":"House Morrigen","description":"Keep of House Morrigen in the stormland hills. Book background only.","firstAppearance":null,"showCanon":"mentioned","enriched":1},"geometry":{"type":"Point","coordinates":[21.07796,-2.24473]}},{"type":"Feature","properties":{"slug":"grandview","name":"Grandview","aliases":[],"type":"Town","rank":4,"region":"The Stormlands","allegiance":"House Grandison","description":"Holdfast town of House Grandison. Book background only.","firstAppearance":null,"showCanon":"mentioned","enriched":1},"geometry":{"type":"Point","coordinates":[20.28367,-1.17945]}},{"type":"Feature","properties":{"slug":"parchments","name":"Parchments","aliases":[],"type":"Other","rank":1,"region":"The Stormlands","allegiance":"House Penrose","description":"Seat of House Penrose on the stormland coast. Book background only.","firstAppearance":null,"showCanon":"mentioned","enriched":1},"geometry":{"type":"Point","coordinates":[24.27612,1.40197]}},{"type":"Feature","properties":{"slug":"eyrie","name":"The Eyrie","aliases":["Gates of the Moon"],"type":"Castle","rank":4,"region":"The Vale","allegiance":"House Arryn","description":"Seat of House Arryn, perched high atop the Giant's Lance and long thought impregnable. Tyrion was locked in its sky cells and won his freedom when Bronn fought for him, and Littlefinger later shoved Lysa Arryn to her death through the Moon Door.","firstAppearance":5,"showCanon":"shown","enriched":1},"geometry":{"type":"Point","coordinates":[19.9426,12.21124]}},{"type":"Feature","properties":{"slug":"bloody-gate","name":"The Bloody Gate","aliases":[],"type":"Castle","rank":3,"region":"The Vale","allegiance":"House Arryn","description":"Fortified pass guarding the only road into the Vale, where countless armies have broken themselves against the mountains. Arya and the Hound were turned away here after learning of Lysa Arryn's death — prompting Arya's infamous laughing fit.","firstAppearance":38,"showCanon":"shown","enriched":1},"geometry":{"type":"Point","coordinates":[19.86784,11.66926]}},{"type":"Feature","properties":{"slug":"runestone","name":"Runestone","aliases":[],"type":"Castle","rank":3,"region":"The Vale","allegiance":"House Royce","description":"Ancient seat of House Royce, one of the oldest lines in the Vale. Littlefinger left Robin Arryn here to be fostered by Lord Yohn Royce, and later returned to pry the boy — and the knights of the Vale — loose to march north for Sansa.","firstAppearance":41,"showCanon":"shown","enriched":1},"geometry":{"type":"Point","coordinates":[24.96995,12.40747]}},{"type":"Feature","properties":{"slug":"gulltown","name":"Gulltown","aliases":[],"type":"City","rank":5,"region":"The Vale","allegiance":"House Grafton","description":"The Vale's chief port and only true city, held by House Grafton for the Arryns. Its harbor links the mountain kingdom to the trade of the Narrow Sea.","firstAppearance":null,"showCanon":"mentioned","enriched":1},"geometry":{"type":"Point","coordinates":[24.66158,11.52909]}},{"type":"Feature","properties":{"slug":"strongsong","name":"Strongsong","aliases":[],"type":"Castle","rank":3,"region":"The Vale","allegiance":"House Belmore","description":"Mountain seat of House Belmore, bannermen of House Arryn in the high valleys of the Vale.","firstAppearance":null,"showCanon":"mentioned","enriched":1},"geometry":{"type":"Point","coordinates":[18.30731,13.82784]}},{"type":"Feature","properties":{"slug":"hearts-home","name":"Heart's Home","aliases":[],"type":"Castle","rank":3,"region":"The Vale","allegiance":"House Corbray","description":"Seat of House Corbray, an old knightly line of the Vale sworn to the Arryns and famed for the Valyrian steel sword Lady Forlorn.","firstAppearance":null,"showCanon":"mentioned","enriched":1},"geometry":{"type":"Point","coordinates":[20.83967,13.79046]}},{"type":"Feature","properties":{"slug":"redfort","name":"Redfort","aliases":[],"type":"Castle","rank":3,"region":"The Vale","allegiance":"House Redfort","description":"Red-stone castle of House Redfort, one of the most respected of the Vale houses sworn to the Eyrie.","firstAppearance":null,"showCanon":"mentioned","enriched":1},"geometry":{"type":"Point","coordinates":[21.68068,10.94973]}},{"type":"Feature","properties":{"slug":"ironoaks","name":"Ironoaks","aliases":[],"type":"Castle","rank":3,"region":"The Vale","allegiance":"House Waynwood","description":"Seat of House Waynwood, proud Arryn bannermen. Lady Anya Waynwood was among the Vale lords who questioned Littlefinger over Lysa Arryn's death at the Eyrie.","firstAppearance":null,"showCanon":"mentioned","enriched":1},"geometry":{"type":"Point","coordinates":[22.62447,12.3701]}},{"type":"Feature","properties":{"slug":"old-anchor","name":"Old Anchor","aliases":[],"type":"Castle","rank":3,"region":"The Vale","allegiance":"House Melcolm","description":"Coastal keep of House Melcolm on the eastern shore of the Vale, sworn to House Arryn.","firstAppearance":null,"showCanon":"mentioned","enriched":1},"geometry":{"type":"Point","coordinates":[23.78319,12.7065]}},{"type":"Feature","properties":{"slug":"longbow-hall","name":"Longbow Hall","aliases":[],"type":"Castle","rank":3,"region":"The Vale","allegiance":"House Hunter","description":"Seat of House Hunter, Vale bannermen of House Arryn whose sigil of five arrows honors the family's famed archers.","firstAppearance":null,"showCanon":"mentioned","enriched":1},"geometry":{"type":"Point","coordinates":[23.98877,14.58475]}},{"type":"Feature","properties":{"slug":"snakewood","name":"Snakewood","aliases":[],"type":"Castle","rank":3,"region":"The Vale","allegiance":"House Lynderly","description":"Forest seat of House Lynderly in the northern Vale, a minor house sworn to the Eyrie.","firstAppearance":null,"showCanon":"mentioned","enriched":1},"geometry":{"type":"Point","coordinates":[22.42824,15.47247]}},{"type":"Feature","properties":{"slug":"coldwater","name":"Coldwater","aliases":[],"type":"Castle","rank":3,"region":"The Vale","allegiance":"House Coldwater","description":"Seat of House Coldwater, a lesser house of the northern Vale sworn to House Royce of Runestone.","firstAppearance":null,"showCanon":"mentioned","enriched":1},"geometry":{"type":"Point","coordinates":[21.90495,16.6312]}},{"type":"Feature","properties":{"slug":"baelish-keep","name":"Baelish Keep","aliases":["The Fingers"],"type":"Other","rank":1,"region":"The Vale","allegiance":"House Baelish","description":"A small flint tower on the smallest of the Fingers, the humble ancestral holding where Petyr Baelish was born. Its meagerness fueled Littlefinger's lifelong hunger to climb far above his station.","firstAppearance":null,"showCanon":"mentioned","enriched":1},"geometry":{"type":"Point","coordinates":[25.43717,15.95839]}},{"type":"Feature","properties":{"slug":"sisterton","name":"Sisterton","aliases":[],"type":"Town","rank":4,"region":"The Vale","allegiance":"House Borrell","description":"Port town on Sweetsister, largest of the Three Sisters in the Bite. A notorious haunt of smugglers, ruled by House Borrell under Arryn overlordship.","firstAppearance":null,"showCanon":"mentioned","enriched":1},"geometry":{"type":"Point","coordinates":[18.80257,18.28517]}},{"type":"Feature","properties":{"slug":"saltpans","name":"Saltpans","aliases":[],"type":"Other","rank":1,"region":"The Vale","allegiance":"House Cox","description":"Small port town on the Bay of Crabs at the mouth of the Trident, known for its salt works and modest harbor.","firstAppearance":null,"showCanon":"mentioned","enriched":1},"geometry":{"type":"Point","coordinates":[19.18102,9.09951]}},{"type":"Feature","properties":{"slug":"wickenden","name":"Wickenden","aliases":[],"type":"Castle","rank":3,"region":"The Vale","allegiance":"House Waxley","description":"Castle of House Waxley on the southern shore of the Bay of Crabs, famed for its scented beeswax candles.","firstAppearance":null,"showCanon":"mentioned","enriched":1},"geometry":{"type":"Point","coordinates":[21.63863,9.09017]}},{"type":"Feature","properties":{"slug":"dyre-den","name":"Dyre Den","aliases":[],"type":"Castle","rank":3,"region":"The Vale","allegiance":"House Brune","description":"A brooding castle of three crooked towers on the cliffs of Crackclaw Point, held by House Brune.","firstAppearance":null,"showCanon":"mentioned","enriched":1},"geometry":{"type":"Point","coordinates":[23.91869,9.18362]}},{"type":"Feature","properties":{"slug":"crakehall","name":"Crakehall","aliases":[],"type":"Castle","rank":3,"region":"The Westerlands","allegiance":"House Crakehall","description":"Seat of House Crakehall, longtime Lannister bannermen, in the forested south of the westerlands along the ocean road.","firstAppearance":null,"showCanon":"mentioned","enriched":1},"geometry":{"type":"Point","coordinates":[6.54256,2.29671]}},{"type":"Feature","properties":{"slug":"cornfield","name":"Cornfield","aliases":[],"type":"Castle","rank":3,"region":"The Westerlands","allegiance":"House Swyft","description":"Castle of House Swyft, bannermen sworn to Casterly Rock, in the southern westerlands.","firstAppearance":null,"showCanon":"mentioned","enriched":1},"geometry":{"type":"Point","coordinates":[8.54229,2.89476]}},{"type":"Feature","properties":{"slug":"silverhill","name":"Silverhill","aliases":[],"type":"Castle","rank":3,"region":"The Westerlands","allegiance":"House Serrett","description":"Seat of House Serrett, Lannister bannermen, in the hills of the southeastern westerlands.","firstAppearance":null,"showCanon":"mentioned","enriched":1},"geometry":{"type":"Point","coordinates":[10.71021,3.63297]}},{"type":"Feature","properties":{"slug":"clegane-hall","name":"Clegane Hall","aliases":["Clegane's Keep"],"type":"Castle","rank":3,"region":"The Westerlands","allegiance":"House Clegane","description":"Modest keep of House Clegane, the Lannister retainers who produced Gregor 'the Mountain' and Sandor 'the Hound.' It was here, as Littlefinger tells Sansa, that young Gregor held his brother's face in the fire for playing with his toy, leaving the Hound scarred for life.","firstAppearance":null,"showCanon":"mentioned","enriched":1},"geometry":{"type":"Point","coordinates":[9.15903,4.05348]}},{"type":"Feature","properties":{"slug":"lannisport","name":"Lannisport","aliases":[],"type":"City","rank":4,"region":"The Westerlands","allegiance":"House Lannister","description":"Great port city on the Sunset Sea in the shadow of Casterly Rock, home to the Lannister fleet and the merchant wealth of the west. Often referenced in the show but never depicted on screen.","firstAppearance":null,"showCanon":"mentioned","enriched":1},"geometry":{"type":"Point","coordinates":[7.36488,5.22154]}},{"type":"Feature","properties":{"slug":"feastfires","name":"Feastfires","aliases":[],"type":"Castle","rank":3,"region":"The Westerlands","allegiance":"House Prester","description":"Castle of House Prester on a headland of the western coast, overlooking the Sunset Sea.","firstAppearance":null,"showCanon":"mentioned","enriched":1},"geometry":{"type":"Point","coordinates":[5.70155,4.99727]}},{"type":"Feature","properties":{"slug":"kayce","name":"Kayce","aliases":[],"type":"Town","rank":4,"region":"The Westerlands","allegiance":null,"description":"Small port town on the westerlands coast near Feastfires, north of Lannisport.","firstAppearance":null,"showCanon":"mentioned","enriched":1},"geometry":{"type":"Point","coordinates":[5.97254,5.53925]}},{"type":"Feature","properties":{"slug":"oxcross","name":"Oxcross","aliases":[],"type":"Other","rank":3,"region":"The Westerlands","allegiance":null,"description":"Site of Robb Stark's surprise night attack on a Lannister host camped deep inside the westerlands. The battle's grisly aftermath opens 'Garden of Bones' (S2E4), where Robb first meets Talisa tending the wounded.","firstAppearance":14,"showCanon":"shown","enriched":1},"geometry":{"type":"Point","coordinates":[8.11244,5.9691]}},{"type":"Feature","properties":{"slug":"sarsfield","name":"Sarsfield","aliases":[],"type":"Castle","rank":3,"region":"The Westerlands","allegiance":"House Sarsfield","description":"Castle of House Sarsfield, Lannister bannermen, on the river road north of Lannisport.","firstAppearance":null,"showCanon":"mentioned","enriched":1},"geometry":{"type":"Point","coordinates":[8.96279,6.45502]}},{"type":"Feature","properties":{"slug":"deep-den","name":"Deep Den","aliases":[],"type":"Castle","rank":3,"region":"The Westerlands","allegiance":"House Lydden","description":"Castle of House Lydden astride the goldroad, in the mountains between the westerlands and the crownlands.","firstAppearance":null,"showCanon":"mentioned","enriched":1},"geometry":{"type":"Point","coordinates":[11.27089,5.05334]}},{"type":"Feature","properties":{"slug":"hornvale","name":"Hornvale","aliases":[],"type":"Castle","rank":3,"region":"The Westerlands","allegiance":"House Brax","description":"Seat of House Brax in the mountainous east of the westerlands, near the riverlands border.","firstAppearance":null,"showCanon":"mentioned","enriched":1},"geometry":{"type":"Point","coordinates":[11.05596,5.94107]}},{"type":"Feature","properties":{"slug":"golden-tooth","name":"Golden Tooth","aliases":[],"type":"Castle","rank":1,"region":"The Westerlands","allegiance":"House Lefford","description":"Castle of House Lefford guarding the mountain pass between the westerlands and the riverlands — the gateway through which Lannister armies march east to war.","firstAppearance":null,"showCanon":"mentioned","enriched":1},"geometry":{"type":"Point","coordinates":[10.6448,7.29602]}},{"type":"Feature","properties":{"slug":"wayfarers-rest","name":"Wayfarer's Rest","aliases":[],"type":"Castle","rank":3,"region":"The Westerlands","allegiance":"House Vance","description":"Castle of House Vance near the Golden Tooth, on the contested border between the westerlands and the riverlands.","firstAppearance":null,"showCanon":"mentioned","enriched":1},"geometry":{"type":"Point","coordinates":[11.98107,7.99686]}},{"type":"Feature","properties":{"slug":"castamere","name":"Castamere","aliases":[],"type":"Ruin","rank":2,"region":"The Westerlands","allegiance":null,"description":"Ruined seat of House Reyne, exterminated root and branch by a young Tywin Lannister when they rose against his father. The massacre is immortalized in 'The Rains of Castamere,' the Lannister anthem played moments before the Red Wedding.","firstAppearance":null,"showCanon":"mentioned","enriched":1},"geometry":{"type":"Point","coordinates":[8.42081,7.69784]}},{"type":"Feature","properties":{"slug":"pendric-hills","name":"Pendric Hills","aliases":[],"type":"Landmark","rank":1,"region":"The Westerlands","allegiance":null,"description":"Range of hills in the northern westerlands, part of the gold-rich uplands that fed the Lannister mines.","firstAppearance":null,"showCanon":"mentioned","enriched":1},"geometry":{"type":"Point","coordinates":[9.17771,8.76311]}},{"type":"Feature","properties":{"slug":"crag","name":"The Crag","aliases":[],"type":"Castle","rank":3,"region":"The Westerlands","allegiance":"House Westerling","description":"Half-ruined castle of House Westerling on the northern coast of the westerlands. In the books Robb Stark is wounded and wed here, a storyline the show replaced with Talisa of Volantis.","firstAppearance":null,"showCanon":"mentioned","enriched":1},"geometry":{"type":"Point","coordinates":[8.40212,8.80983]}},{"type":"Feature","properties":{"slug":"banefort","name":"Banefort","aliases":[],"type":"Castle","rank":3,"region":"The Westerlands","allegiance":"House Banefort","description":"Northernmost castle of the westerlands, seat of House Banefort, facing the ironborn across Ironman's Bay.","firstAppearance":null,"showCanon":"mentioned","enriched":1},"geometry":{"type":"Point","coordinates":[8.40212,10.15544]}},{"type":"Feature","properties":{"slug":"ashemark","name":"Ashemark","aliases":[],"type":"Castle","rank":3,"region":"The Westerlands","allegiance":"House Marbrand","description":"Seat of House Marbrand, prominent Lannister bannermen, in the hills of the northern westerlands.","firstAppearance":null,"showCanon":"mentioned","enriched":1},"geometry":{"type":"Point","coordinates":[9.14034,8.01555]}},{"type":"Feature","properties":{"slug":"nunns-deep","name":"Nunn's Deep","aliases":[],"type":"Other","rank":1,"region":"The Westerlands","allegiance":null,"description":"One of the gold mines that built the Lannister fortune. As Tywin confesses in season 4, the westerlands mines ran dry three years before the War of the Five Kings.","firstAppearance":null,"showCanon":"mentioned","enriched":1},"geometry":{"type":"Point","coordinates":[9.81314,9.50133]}},{"type":"Feature","properties":{"slug":"faircastle","name":"Faircastle","aliases":[],"type":"Castle","rank":3,"region":"The Westerlands","allegiance":"House Farman","description":"Castle of House Farman on Fair Isle, off the western coast of the westerlands in the Sunset Sea.","firstAppearance":null,"showCanon":"mentioned","enriched":1},"geometry":{"type":"Point","coordinates":[7.00396,7.35114]}},{"type":"Feature","properties":{"slug":"casterly-rock","name":"Casterly Rock","aliases":["The Rock"],"type":"Castle","rank":5,"region":"The Westerlands","allegiance":"House Lannister","description":"Ancestral stronghold of House Lannister, carved into a colossal rock above the Sunset Sea atop the gold mines that made the family the richest in Westeros. Grey Worm and the Unsullied stormed it in 'The Queen's Justice' (S7E3) through the sewer passage Tyrion once built, only to find Jaime had left a token garrison and marched the real Lannister army on Highgarden.","firstAppearance":63,"showCanon":"shown","enriched":1},"geometry":{"type":"Point","coordinates":[7.28,5.52]}}]}